type	bgn_chain	bgn_resname	bgn_resnum	bgn_atom	end_chain	end_resname	end_resnum	end_atom	distance	contact_types	interacting_entities
atom-atom	D	ILE	28	CG1	R	SER	190	OG	4.67	proximal	INTRA_SELECTION
atom-atom	D	GLN	8	OE1	R	ASN	191	OD1	4.78	proximal	INTRA_SELECTION
atom-atom	D	GLN	8	CD	R	GLU	40	OE1	4.97	proximal	INTRA_SELECTION
atom-atom	D	GLN	8	OE1	R	GLU	40	OE1	4.24	proximal	INTRA_SELECTION
atom-atom	D	PHE	21	CZ	R	PHE	32	CE1	3.46	vdw;aromatic;hydrophobic	INTRA_SELECTION
atom-atom	R	PHE	32	CD2	D	PHE	21	CZ	4.79	proximal	INTRA_SELECTION
atom-atom	R	PHE	32	CD2	D	ASP	45	CG	4.92	proximal	INTRA_SELECTION
atom-atom	D	ASP	45	OD2	R	PHE	32	CD2	3.67	proximal	INTRA_SELECTION
atom-atom	R	LYS	108	NZ	D	ALA	2	N	3.59	proximal	INTRA_SELECTION
atom-atom	R	LYS	108	CD	D	ALA	2	N	3.71	proximal	INTRA_SELECTION
atom-atom	R	LYS	108	CE	D	ALA	2	N	4.28	proximal	INTRA_SELECTION
atom-atom	R	PHE	32	CE2	D	ARG	47	CD	3.57	proximal	INTRA_SELECTION
atom-atom	R	PHE	32	CE2	D	ARG	47	NE	4.14	proximal	INTRA_SELECTION
atom-atom	D	GLU	48	OE1	R	PRO	38	O	4.19	proximal	INTRA_SELECTION
atom-atom	D	ARG	47	CG	R	PHE	32	CE2	4.37	proximal;hydrophobic	INTRA_SELECTION
atom-atom	R	PHE	32	CE2	D	ARG	47	CB	4.8	proximal	INTRA_SELECTION
atom-atom	D	ARG	47	CD	R	PHE	32	CZ	4.87	proximal	INTRA_SELECTION
atom-atom	R	LYS	108	CD	D	ALA	2	CB	3.92	proximal;hydrophobic	INTRA_SELECTION
atom-atom	R	LYS	108	CE	D	ALA	2	CB	4.62	proximal	INTRA_SELECTION
atom-atom	R	LYS	108	CD	D	ALA	2	CA	4.36	proximal	INTRA_SELECTION
atom-atom	R	LYS	108	NZ	D	ALA	2	CB	4.21	proximal	INTRA_SELECTION
atom-atom	R	LYS	108	NZ	D	ALA	2	CA	4.53	proximal	INTRA_SELECTION
atom-atom	R	GLU	40	CA	D	GLN	8	NE2	4.85	proximal	INTRA_SELECTION
atom-atom	D	GLN	8	NE2	R	GLU	40	CB	4.32	proximal	INTRA_SELECTION
atom-atom	D	GLN	8	CD	R	GLU	40	CB	4.75	proximal	INTRA_SELECTION
atom-atom	D	GLN	8	OE1	R	GLU	40	CB	4.31	proximal	INTRA_SELECTION
atom-atom	R	GLU	40	N	D	GLN	8	NE2	4.08	proximal	INTRA_SELECTION
atom-atom	D	GLN	8	NE2	R	CYS	39	C	3.75	proximal	INTRA_SELECTION
atom-atom	R	CYS	39	CA	D	GLN	8	NE2	4.01	proximal	INTRA_SELECTION
atom-atom	D	GLN	8	NE2	R	PRO	38	O	3.64	proximal	INTRA_SELECTION
atom-atom	D	GLN	8	NE2	R	CYS	39	O	3.87	proximal	INTRA_SELECTION
atom-atom	D	GLN	8	CD	R	CYS	39	C	4.74	proximal	INTRA_SELECTION
atom-atom	D	GLN	8	CD	R	PRO	38	O	4.81	proximal	INTRA_SELECTION
atom-atom	D	GLN	8	CD	R	CYS	39	O	4.57	proximal	INTRA_SELECTION
atom-atom	D	GLN	8	OE1	R	CYS	39	C	4.85	proximal	INTRA_SELECTION
atom-atom	D	GLN	8	OE1	R	CYS	39	O	4.44	proximal	INTRA_SELECTION
atom-atom	D	ASP	45	OD2	R	PHE	32	CZ	3.98	proximal	INTRA_SELECTION
atom-atom	R	PHE	32	CE2	D	ASP	45	CG	4.33	proximal	INTRA_SELECTION
atom-atom	R	PHE	32	CE2	D	ASP	45	OD2	3.16	vdw_clash;weak_polar	INTRA_SELECTION
atom-atom	R	PHE	32	CZ	D	PHE	21	CZ	4.05	proximal;hydrophobic	INTRA_SELECTION
atom-atom	D	ARG	47	CG	R	PHE	32	CD2	4.44	proximal;hydrophobic	INTRA_SELECTION
atom-atom	R	PHE	32	CD2	D	ARG	47	CB	4.56	proximal	INTRA_SELECTION
atom-atom	R	PHE	32	CE2	D	PHE	21	CZ	4.68	proximal	INTRA_SELECTION
atom-atom	R	PHE	32	CD2	D	ARG	47	CD	3.52	proximal	INTRA_SELECTION
atom-atom	R	PHE	32	CD2	D	ARG	47	NE	3.58	proximal	INTRA_SELECTION
atom-atom	R	SER	107	O	D	ALA	2	CB	4.27	proximal	INTRA_SELECTION
atom-atom	R	LYS	108	O	D	ALA	2	CB	4.98	proximal	INTRA_SELECTION
atom-atom	R	LYS	108	CA	D	ALA	2	CB	4.56	proximal	INTRA_SELECTION
atom-atom	R	LYS	108	CG	D	ALA	2	CB	4.95	proximal	INTRA_SELECTION
atom-atom	D	ALA	2	CB	R	LYS	48	NZ	4.67	proximal	INTRA_SELECTION
atom-atom	D	ALA	2	CA	R	LYS	48	NZ	4.34	proximal	INTRA_SELECTION
atom-atom	R	PHE	32	CE2	D	ASP	45	CB	4.84	proximal	INTRA_SELECTION
atom-atom	D	ALA	2	N	R	LYS	48	NZ	4.31	proximal	INTRA_SELECTION
atom-atom	R	ALA	195	CB	D	ALA	2	CB	4.89	proximal	INTRA_SELECTION
atom-atom	R	ALA	195	CB	D	LYS	3	N	4.91	proximal	INTRA_SELECTION
atom-atom	R	ALA	195	CB	D	LYS	3	CA	4.81	proximal	INTRA_SELECTION
atom-atom	D	LYS	3	CB	R	ALA	195	CB	4.79	proximal	INTRA_SELECTION
atom-atom	D	LYS	3	CA	R	TYR	197	CE2	4.92	proximal	INTRA_SELECTION
atom-atom	D	LYS	3	CB	R	CYS	196	O	4.61	proximal	INTRA_SELECTION
atom-atom	D	GLN	8	NE2	R	ASN	191	ND2	4.89	proximal	INTRA_SELECTION
atom-atom	D	GLN	8	CD	R	ASN	191	ND2	4.61	proximal	INTRA_SELECTION
atom-atom	D	GLN	8	OE1	R	ASN	191	ND2	4.7	proximal	INTRA_SELECTION
atom-atom	R	ASN	191	ND2	D	GLN	8	CG	4.81	proximal	INTRA_SELECTION
atom-atom	R	PHE	32	CE1	D	PHE	21	CE1	4.41	proximal;hydrophobic	INTRA_SELECTION
atom-atom	D	PHE	21	CE2	R	PHE	32	CE1	4.09	proximal;hydrophobic	INTRA_SELECTION
atom-atom	D	PHE	21	CE2	R	PHE	32	CD2	4.64	proximal	INTRA_SELECTION
atom-atom	D	PHE	21	CE2	R	PHE	32	CZ	4.6	proximal	INTRA_SELECTION
atom-atom	R	PHE	32	CE2	D	PHE	21	CE2	4.86	proximal	INTRA_SELECTION
atom-atom	R	TYR	197	CD1	D	LEU	5	CD2	3.72	proximal;hydrophobic	INTRA_SELECTION
atom-atom	R	TYR	197	CD1	D	LEU	5	CG	4.68	proximal	INTRA_SELECTION
atom-atom	D	LEU	5	CD2	R	TYR	197	CD2	3.68	proximal;hydrophobic	INTRA_SELECTION
atom-atom	D	LEU	5	CG	R	TYR	197	CD2	4.87	proximal	INTRA_SELECTION
atom-atom	R	TYR	197	CZ	D	LEU	5	CB	4.0	proximal	INTRA_SELECTION
atom-atom	R	TYR	197	CZ	D	LEU	5	CD2	3.5	proximal	INTRA_SELECTION
atom-atom	R	TYR	197	CZ	D	LEU	5	CG	4.03	proximal	INTRA_SELECTION
atom-atom	D	LEU	5	CD2	R	TYR	197	CG	3.77	proximal;hydrophobic	INTRA_SELECTION
atom-atom	R	TYR	197	CE1	D	LEU	5	CB	4.6	proximal	INTRA_SELECTION
atom-atom	R	TYR	197	CE1	D	LEU	5	CD2	3.59	proximal;hydrophobic	INTRA_SELECTION
atom-atom	R	TYR	197	CE1	D	LEU	5	CG	4.19	proximal;hydrophobic	INTRA_SELECTION
atom-atom	D	LEU	5	CD2	R	TYR	197	CB	4.63	proximal	INTRA_SELECTION
atom-atom	R	GLY	201	O	D	GLY	31	CA	4.52	proximal	INTRA_SELECTION
atom-atom	D	GLY	31	C	R	THR	204	CG2	4.76	proximal	INTRA_SELECTION
atom-atom	D	GLY	31	C	R	THR	204	OG1	4.1	proximal	INTRA_SELECTION
atom-atom	D	GLY	31	C	R	THR	204	CB	4.98	proximal	INTRA_SELECTION
atom-atom	R	GLY	201	O	D	GLY	31	C	3.94	proximal	INTRA_SELECTION
atom-atom	D	GLY	31	O	R	THR	204	CG2	3.98	proximal	INTRA_SELECTION
atom-atom	R	THR	204	OG1	D	GLY	31	O	3.03	vdw_clash;polar	INTRA_SELECTION
atom-atom	R	THR	204	CB	D	GLY	31	O	4.05	proximal	INTRA_SELECTION
atom-atom	R	GLY	201	O	D	GLY	31	O	3.14	vdw	INTRA_SELECTION
atom-atom	R	THR	204	CG2	D	PRO	32	O	4.45	proximal	INTRA_SELECTION
atom-atom	R	THR	204	OG1	D	PRO	32	O	3.81	proximal	INTRA_SELECTION
atom-atom	D	HIS	33	N	R	THR	204	OG1	3.89	proximal	INTRA_SELECTION
atom-atom	R	THR	204	OG1	D	HIS	33	CA	4.4	proximal	INTRA_SELECTION
atom-atom	R	THR	204	CB	D	PRO	32	O	3.9	proximal	INTRA_SELECTION
atom-atom	D	HIS	33	N	R	THR	204	CB	4.71	proximal	INTRA_SELECTION
atom-atom	R	THR	204	OG1	D	HIS	33	C	4.46	proximal	INTRA_SELECTION
atom-atom	R	THR	204	OG1	D	HIS	33	O	4.9	proximal	INTRA_SELECTION
atom-atom	D	PRO	32	CB	R	THR	204	CG2	4.9	proximal	INTRA_SELECTION
atom-atom	D	PRO	32	N	R	THR	204	CG2	4.87	proximal	INTRA_SELECTION
atom-atom	D	PRO	32	CA	R	THR	204	CG2	4.02	proximal	INTRA_SELECTION
atom-atom	D	PRO	32	C	R	THR	204	CG2	4.44	proximal	INTRA_SELECTION
atom-atom	R	THR	204	OG1	D	PRO	32	N	4.45	proximal	INTRA_SELECTION
atom-atom	R	THR	204	OG1	D	PRO	32	CA	3.81	proximal	INTRA_SELECTION
atom-atom	D	PRO	32	C	R	THR	204	OG1	3.58	proximal	INTRA_SELECTION
atom-atom	R	THR	204	CB	D	PRO	32	CA	4.15	proximal	INTRA_SELECTION
atom-atom	D	PRO	32	C	R	THR	204	CB	4.04	proximal	INTRA_SELECTION
atom-atom	R	GLY	201	O	D	PRO	32	N	4.82	proximal	INTRA_SELECTION
atom-atom	R	GLY	201	O	D	PRO	32	CA	4.96	proximal	INTRA_SELECTION
atom-atom	R	TYR	197	CB	D	PRO	32	O	4.94	proximal	INTRA_SELECTION
atom-atom	D	LEU	5	CD2	R	ARG	208	NE	4.95	proximal	INTRA_SELECTION
atom-atom	R	SER	27	O	D	PHE	17	CA	4.75	proximal	INTRA_SELECTION
atom-atom	D	PHE	17	C	R	SER	27	O	4.35	proximal	INTRA_SELECTION
atom-atom	R	LEU	29	N	D	PHE	17	CA	4.95	proximal	INTRA_SELECTION
atom-atom	D	PHE	17	O	R	SER	27	O	4.33	proximal	INTRA_SELECTION
atom-atom	R	THR	28	CB	D	HIS	18	ND1	4.61	proximal	INTRA_SELECTION
atom-atom	R	THR	28	CB	D	HIS	18	CE1	3.69	proximal	INTRA_SELECTION
atom-atom	R	THR	28	CG2	D	HIS	18	ND1	4.91	proximal	INTRA_SELECTION
atom-atom	R	THR	28	CG2	D	HIS	18	CE1	3.74	proximal	INTRA_SELECTION
atom-atom	R	THR	28	CA	D	HIS	18	ND1	4.64	proximal	INTRA_SELECTION
atom-atom	D	HIS	18	CE1	R	THR	28	CA	3.99	proximal	INTRA_SELECTION
atom-atom	D	HIS	18	CG	R	THR	28	CA	4.7	proximal	INTRA_SELECTION
atom-atom	R	THR	28	CB	D	HIS	18	NE2	3.58	proximal	INTRA_SELECTION
atom-atom	R	THR	28	CB	D	HIS	18	CD2	4.5	proximal	INTRA_SELECTION
atom-atom	R	THR	28	CG2	D	HIS	18	NE2	3.38	proximal;weak_polar	INTRA_SELECTION
atom-atom	R	THR	28	CG2	D	HIS	18	CD2	4.52	proximal	INTRA_SELECTION
atom-atom	D	HIS	18	NE2	R	THR	28	CA	3.56	proximal	INTRA_SELECTION
atom-atom	R	THR	28	CA	D	HIS	18	CD2	4.05	proximal	INTRA_SELECTION
atom-atom	D	HIS	18	ND1	R	SER	27	O	4.92	proximal	INTRA_SELECTION
atom-atom	D	HIS	18	CE1	R	SER	27	O	4.48	proximal	INTRA_SELECTION
atom-atom	D	HIS	18	CG	R	SER	27	O	4.25	proximal	INTRA_SELECTION
atom-atom	D	HIS	18	CE1	R	THR	28	N	4.87	proximal	INTRA_SELECTION
atom-atom	D	HIS	18	NE2	R	THR	28	C	4.87	proximal	INTRA_SELECTION
atom-atom	D	HIS	18	CA	R	SER	27	O	4.84	proximal	INTRA_SELECTION
atom-atom	D	HIS	18	NE2	R	SER	27	O	3.35	proximal;polar	INTRA_SELECTION
atom-atom	D	HIS	18	CD2	R	SER	27	O	3.13	vdw_clash	INTRA_SELECTION
atom-atom	D	HIS	18	N	R	SER	27	O	4.6	proximal	INTRA_SELECTION
atom-atom	D	HIS	18	NE2	R	THR	28	N	4.09	proximal	INTRA_SELECTION
atom-atom	D	HIS	18	CD2	R	THR	28	N	4.49	proximal	INTRA_SELECTION
atom-atom	D	HIS	18	NE2	R	SER	27	C	4.01	proximal	INTRA_SELECTION
atom-atom	D	HIS	18	CD2	R	SER	27	C	4.12	proximal	INTRA_SELECTION
atom-atom	D	CYS	34	N	R	THR	204	OG1	4.63	proximal	INTRA_SELECTION
atom-atom	R	THR	204	OG1	D	CYS	34	O	4.55	proximal	INTRA_SELECTION
atom-atom	D	SER	30	O	R	GLY	201	O	4.19	proximal	INTRA_SELECTION
atom-atom	D	GLU	4	O	R	TYR	197	OH	3.69	proximal	INTRA_SELECTION
atom-atom	D	GLU	4	N	R	TYR	197	OH	2.66	vdw_clash;polar	INTRA_SELECTION
atom-atom	D	LYS	3	C	R	TYR	197	OH	3.11	vdw_clash	INTRA_SELECTION
atom-atom	D	GLU	4	C	R	TYR	197	OH	3.09	vdw_clash	INTRA_SELECTION
atom-atom	D	GLU	4	CA	R	TYR	197	OH	3.27	vdw;weak_polar	INTRA_SELECTION
atom-atom	D	GLU	4	CB	R	TYR	197	OH	4.74	proximal	INTRA_SELECTION
atom-atom	D	LYS	3	O	R	TYR	197	OH	3.92	proximal	INTRA_SELECTION
atom-atom	R	TYR	197	OH	D	LEU	5	CA	3.82	proximal	INTRA_SELECTION
atom-atom	D	LEU	5	N	R	TYR	197	OH	3.09	vdw;polar	INTRA_SELECTION
atom-atom	D	GLN	8	CB	R	PRO	38	CG	4.32	proximal;hydrophobic	INTRA_SELECTION
atom-atom	R	PRO	38	CB	D	GLN	8	CB	4.4	proximal;hydrophobic	INTRA_SELECTION
atom-atom	D	GLN	8	C	R	PRO	38	CG	3.62	proximal	INTRA_SELECTION
atom-atom	R	PRO	38	CD	D	GLN	8	C	4.68	proximal	INTRA_SELECTION
atom-atom	R	PRO	38	CB	D	GLN	8	C	3.7	proximal	INTRA_SELECTION
atom-atom	D	GLN	8	CA	R	PRO	38	CG	4.18	proximal	INTRA_SELECTION
atom-atom	D	GLN	8	CA	R	PRO	38	CB	3.95	proximal	INTRA_SELECTION
atom-atom	R	LEU	33	CD2	D	ARG	47	CZ	4.24	proximal	INTRA_SELECTION
atom-atom	R	ASP	35	OD1	D	ARG	47	CZ	3.13	vdw_clash;ionic	INTRA_SELECTION
atom-atom	R	LEU	33	CG	D	ARG	47	CZ	4.86	proximal	INTRA_SELECTION
atom-atom	D	ARG	47	CZ	R	PHE	32	O	3.17	vdw_clash	INTRA_SELECTION
atom-atom	D	ARG	47	CZ	R	ASP	35	CG	4.24	proximal	INTRA_SELECTION
atom-atom	R	LEU	33	CD2	D	ARG	47	NH2	4.85	proximal	INTRA_SELECTION
atom-atom	D	ARG	47	NH2	R	ASP	35	OD1	3.09	vdw;ionic;polar	INTRA_SELECTION
atom-atom	D	ARG	47	NH2	R	PHE	32	O	2.94	vdw_clash;polar	INTRA_SELECTION
atom-atom	D	ARG	47	NH2	R	ASP	35	CG	4.03	proximal	INTRA_SELECTION
atom-atom	D	ARG	47	CZ	R	PHE	32	C	4.25	proximal	INTRA_SELECTION
atom-atom	R	LEU	33	CB	D	ARG	47	CZ	4.93	proximal	INTRA_SELECTION
atom-atom	R	ASP	35	CA	D	ARG	47	CZ	4.63	proximal	INTRA_SELECTION
atom-atom	R	LEU	33	CA	D	ARG	47	CZ	4.01	proximal	INTRA_SELECTION
atom-atom	D	ARG	47	NH2	R	PHE	32	C	3.94	proximal	INTRA_SELECTION
atom-atom	R	ASP	35	CB	D	ARG	47	NH2	4.5	proximal	INTRA_SELECTION
atom-atom	D	ARG	47	NH2	R	LEU	33	CB	4.93	proximal	INTRA_SELECTION
atom-atom	R	ASP	35	CA	D	ARG	47	NH2	3.73	proximal	INTRA_SELECTION
atom-atom	R	LEU	33	CA	D	ARG	47	NH2	3.71	proximal	INTRA_SELECTION
atom-atom	D	GLU	48	O	R	ALA	37	CB	3.71	proximal	INTRA_SELECTION
atom-atom	D	GLU	48	O	R	ALA	37	CA	4.0	proximal	INTRA_SELECTION
atom-atom	R	ALA	37	N	D	GLU	48	O	4.22	proximal	INTRA_SELECTION
atom-atom	R	ARG	289	NH2	D	ARG	6	CD	3.97	proximal	INTRA_SELECTION
atom-atom	D	ARG	6	CB	R	ARG	289	NH2	3.68	proximal	INTRA_SELECTION
atom-atom	D	ARG	6	CA	R	ARG	289	NH2	3.86	proximal	INTRA_SELECTION
atom-atom	D	GLU	4	OE1	R	ARG	289	NH2	4.54	proximal	INTRA_SELECTION
atom-atom	D	GLU	4	OE1	R	ARG	208	NH2	4.53	proximal	INTRA_SELECTION
atom-atom	D	GLU	4	OE1	R	ARG	278	NH2	4.45	proximal	INTRA_SELECTION
atom-atom	R	ARG	289	NH2	D	LEU	5	O	2.49	vdw_clash;polar	INTRA_SELECTION
atom-atom	D	LEU	5	O	R	ARG	278	NH2	3.52	proximal	INTRA_SELECTION
atom-atom	D	ARG	6	CG	R	ARG	289	NH2	4.34	proximal	INTRA_SELECTION
atom-atom	D	GLU	4	OE2	R	ARG	289	NH2	2.41	vdw_clash;ionic;polar	INTRA_SELECTION
atom-atom	D	GLU	4	OE2	R	ARG	208	NH2	4.57	proximal	INTRA_SELECTION
atom-atom	D	GLU	4	OE2	R	ARG	278	NH2	3.05	vdw_clash;ionic;polar	INTRA_SELECTION
atom-atom	D	TYR	13	CD2	R	LEU	34	CD2	4.72	proximal	INTRA_SELECTION
atom-atom	D	LEU	49	CD1	R	LEU	34	CD2	3.77	proximal;hydrophobic	INTRA_SELECTION
atom-atom	D	LEU	49	CG	R	LEU	34	CD2	3.94	proximal;hydrophobic	INTRA_SELECTION
atom-atom	R	ALA	36	CB	D	LEU	49	CG	4.76	proximal	INTRA_SELECTION
atom-atom	D	TYR	13	CE2	R	PRO	31	O	4.24	proximal	INTRA_SELECTION
atom-atom	D	LEU	49	CD2	R	LEU	34	CD2	4.76	proximal	INTRA_SELECTION
atom-atom	R	LEU	296	CD2	D	GLU	4	CD	4.12	proximal	INTRA_SELECTION
atom-atom	R	ARG	289	NE	D	GLU	4	CD	4.81	proximal	INTRA_SELECTION
atom-atom	R	ARG	289	CZ	D	GLU	4	CD	4.18	proximal	INTRA_SELECTION
atom-atom	R	ARG	289	NH1	D	GLU	4	CD	4.82	proximal	INTRA_SELECTION
atom-atom	D	ILE	10	CG1	R	ALA	36	O	4.26	proximal	INTRA_SELECTION
atom-atom	D	ARG	6	CB	R	ARG	289	CG	4.13	proximal;hydrophobic	INTRA_SELECTION
atom-atom	D	ARG	6	CB	R	ARG	289	NE	3.38	proximal	INTRA_SELECTION
atom-atom	R	ARG	289	NE	D	ARG	6	CA	4.4	proximal	INTRA_SELECTION
atom-atom	D	GLU	4	OE1	R	LEU	296	CD2	3.4	proximal;weak_polar	INTRA_SELECTION
atom-atom	D	GLU	4	OE1	R	LEU	296	CG	4.89	proximal	INTRA_SELECTION
atom-atom	R	ARG	289	NE	D	LEU	5	O	4.36	proximal	INTRA_SELECTION
atom-atom	D	ARG	6	CG	R	ARG	289	CG	3.81	proximal;hydrophobic	INTRA_SELECTION
atom-atom	R	ARG	289	NE	D	ARG	6	CG	3.6	proximal	INTRA_SELECTION
atom-atom	D	ARG	6	CG	R	ARG	289	CB	4.81	proximal	INTRA_SELECTION
atom-atom	R	ARG	289	NE	D	GLU	4	OE2	4.15	proximal	INTRA_SELECTION
atom-atom	D	ARG	6	CB	R	ARG	289	CD	4.17	proximal	INTRA_SELECTION
atom-atom	D	ARG	6	CB	R	ARG	289	CZ	3.7	proximal	INTRA_SELECTION
atom-atom	R	ARG	289	NH1	D	ARG	6	CB	4.63	proximal	INTRA_SELECTION
atom-atom	R	ARG	289	CZ	D	ARG	6	CA	4.31	proximal	INTRA_SELECTION
atom-atom	R	ARG	289	CZ	D	LEU	5	O	3.65	proximal	INTRA_SELECTION
atom-atom	R	ARG	289	NH1	D	LEU	5	O	4.47	proximal	INTRA_SELECTION
atom-atom	D	ARG	6	CG	R	ARG	289	CD	3.91	proximal	INTRA_SELECTION
atom-atom	R	ARG	289	CZ	D	ARG	6	CG	3.96	proximal	INTRA_SELECTION
atom-atom	R	ARG	289	NH1	D	ARG	6	CG	4.52	proximal	INTRA_SELECTION
atom-atom	R	ARG	289	CZ	D	GLU	4	OE2	3.27	vdw;ionic	INTRA_SELECTION
atom-atom	R	ARG	289	NH1	D	GLU	4	OE2	3.78	proximal;ionic	INTRA_SELECTION
atom-atom	D	GLU	4	CD	R	ARG	289	NH2	3.38	proximal	INTRA_SELECTION
atom-atom	D	GLU	4	CD	R	ARG	208	NH2	4.87	proximal	INTRA_SELECTION
atom-atom	D	ARG	6	CD	R	ARG	289	CG	4.35	proximal	INTRA_SELECTION
atom-atom	R	ARG	289	NE	D	ARG	6	CD	3.61	proximal	INTRA_SELECTION
atom-atom	D	GLU	4	CD	R	ARG	278	NH2	4.07	proximal	INTRA_SELECTION
atom-atom	R	ARG	289	CG	D	ARG	6	NE	4.81	proximal	INTRA_SELECTION
atom-atom	R	ARG	289	NE	D	ARG	6	NE	4.56	proximal	INTRA_SELECTION
atom-atom	R	ARG	289	CD	D	ARG	6	CD	3.94	proximal	INTRA_SELECTION
atom-atom	R	ARG	289	CZ	D	ARG	6	CD	3.52	proximal	INTRA_SELECTION
atom-atom	R	ARG	289	NH1	D	ARG	6	CD	3.69	proximal	INTRA_SELECTION
atom-atom	R	ARG	289	CD	D	ARG	6	NE	4.47	proximal	INTRA_SELECTION
atom-atom	R	ARG	289	CZ	D	ARG	6	NE	4.51	proximal	INTRA_SELECTION
atom-atom	R	ARG	289	NH1	D	ARG	6	NE	4.32	proximal	INTRA_SELECTION
atom-atom	R	ALA	36	O	D	CYS	50	SG	4.52	proximal	INTRA_SELECTION
atom-atom	R	ALA	36	O	D	ILE	10	N	4.95	proximal	INTRA_SELECTION
atom-atom	D	GLU	4	C	R	ARG	289	NH2	4.57	proximal	INTRA_SELECTION
atom-atom	D	GLU	4	CB	R	ARG	289	NH2	4.84	proximal	INTRA_SELECTION
atom-atom	R	ARG	289	NH2	D	LEU	5	CA	4.42	proximal	INTRA_SELECTION
atom-atom	D	LEU	5	N	R	ARG	289	NH2	4.22	proximal	INTRA_SELECTION
atom-atom	D	ARG	6	N	R	ARG	289	NH2	3.9	proximal	INTRA_SELECTION
atom-atom	R	ARG	289	NH2	D	LEU	5	C	3.34	vdw	INTRA_SELECTION
atom-atom	D	LEU	5	N	R	ARG	278	NH2	4.82	proximal	INTRA_SELECTION
atom-atom	D	LEU	5	C	R	ARG	278	NH2	4.68	proximal	INTRA_SELECTION
atom-atom	D	CYS	9	N	R	PRO	38	CG	4.17	proximal	INTRA_SELECTION
atom-atom	R	PRO	38	CD	D	CYS	9	N	4.98	proximal	INTRA_SELECTION
atom-atom	D	CYS	9	N	R	PRO	38	CB	3.99	proximal	INTRA_SELECTION
atom-atom	R	PRO	38	CG	D	CYS	9	CA	4.5	proximal	INTRA_SELECTION
atom-atom	R	PRO	38	CD	D	CYS	9	CA	4.89	proximal	INTRA_SELECTION
atom-atom	R	PRO	38	CB	D	CYS	9	CA	4.49	proximal	INTRA_SELECTION
atom-atom	R	PRO	38	CD	D	CYS	50	SG	4.76	proximal	INTRA_SELECTION
atom-atom	D	TYR	13	CE2	R	PHE	32	CA	4.96	proximal	INTRA_SELECTION
atom-atom	D	GLU	4	CG	R	ARG	289	NH2	3.6	proximal	INTRA_SELECTION
atom-atom	D	ARG	47	NH2	R	LEU	34	CD2	4.61	proximal	INTRA_SELECTION
atom-atom	D	GLU	4	CB	R	LEU	296	CD2	4.64	proximal	INTRA_SELECTION
atom-atom	D	ARG	6	N	R	ARG	289	NE	4.83	proximal	INTRA_SELECTION
atom-atom	R	ARG	289	NE	D	LEU	5	C	4.83	proximal	INTRA_SELECTION
atom-atom	D	ARG	6	N	R	ARG	289	CZ	4.69	proximal	INTRA_SELECTION
atom-atom	R	ARG	289	CZ	D	LEU	5	C	4.42	proximal	INTRA_SELECTION
atom-atom	D	GLU	48	O	R	ALA	36	C	4.89	proximal	INTRA_SELECTION
atom-atom	D	GLU	48	O	R	ALA	36	N	4.92	proximal	INTRA_SELECTION
atom-atom	D	GLU	4	CG	R	LEU	296	CD2	4.38	proximal;hydrophobic	INTRA_SELECTION
atom-atom	D	GLU	4	CG	R	ARG	289	NE	4.51	proximal	INTRA_SELECTION
atom-atom	D	GLU	4	CG	R	ARG	289	CZ	4.29	proximal	INTRA_SELECTION
atom-atom	R	LEU	33	N	D	ARG	47	CZ	4.63	proximal	INTRA_SELECTION
atom-atom	D	ARG	47	NH2	R	LEU	33	N	4.23	proximal	INTRA_SELECTION
atom-atom	D	ARG	47	CZ	R	ASP	35	N	4.33	proximal	INTRA_SELECTION
atom-atom	D	ARG	47	NH2	R	ASP	35	N	3.25	proximal	INTRA_SELECTION
atom-atom	R	ASP	35	C	D	ARG	47	NH2	4.96	proximal	INTRA_SELECTION
atom-atom	R	LEU	33	C	D	ARG	47	CZ	4.52	proximal	INTRA_SELECTION
atom-atom	D	ARG	47	NH2	R	LEU	33	C	3.89	proximal	INTRA_SELECTION
atom-atom	D	ARG	47	NH2	R	LEU	33	O	4.78	proximal	INTRA_SELECTION
atom-atom	R	LEU	34	N	D	ARG	47	CZ	4.6	proximal	INTRA_SELECTION
atom-atom	R	LEU	34	N	D	ARG	47	NH2	3.64	proximal	INTRA_SELECTION
atom-atom	R	LEU	34	C	D	ARG	47	NH2	4.34	proximal	INTRA_SELECTION
atom-atom	D	ARG	47	NH2	R	LEU	34	CA	4.57	proximal	INTRA_SELECTION
atom-atom	R	TYR	267	OH	D	LYS	3	NZ	4.63	proximal	INTRA_SELECTION
atom-atom	R	TYR	197	CZ	D	GLU	4	O	4.96	proximal	INTRA_SELECTION
atom-atom	R	TYR	197	CZ	D	GLU	4	N	3.79	proximal	INTRA_SELECTION
atom-atom	R	TYR	197	CE1	D	GLU	4	N	4.13	proximal	INTRA_SELECTION
atom-atom	R	TYR	197	CZ	D	LYS	3	C	3.87	proximal	INTRA_SELECTION
atom-atom	R	TYR	197	CE1	D	LYS	3	C	3.86	proximal	INTRA_SELECTION
atom-atom	R	ARG	184	NH1	D	LYS	3	CD	4.85	proximal	INTRA_SELECTION
atom-atom	R	TYR	197	CZ	D	GLU	4	C	4.26	proximal	INTRA_SELECTION
atom-atom	R	TYR	197	CE1	D	GLU	4	C	4.79	proximal	INTRA_SELECTION
atom-atom	R	TYR	197	CZ	D	GLU	4	CA	4.36	proximal	INTRA_SELECTION
atom-atom	R	TYR	197	CE1	D	GLU	4	CA	4.59	proximal	INTRA_SELECTION
atom-atom	D	LEU	5	CB	R	TYR	197	OH	3.75	proximal	INTRA_SELECTION
atom-atom	D	LEU	5	CD2	R	TYR	197	OH	4.11	proximal	INTRA_SELECTION
atom-atom	D	LEU	5	CG	R	TYR	197	OH	4.17	proximal	INTRA_SELECTION
atom-atom	R	TYR	197	CZ	D	LYS	3	O	4.46	proximal	INTRA_SELECTION
atom-atom	R	TYR	197	CE1	D	LYS	3	O	4.08	proximal	INTRA_SELECTION
atom-atom	R	TYR	197	CZ	D	LEU	5	CA	4.52	proximal	INTRA_SELECTION
atom-atom	R	TYR	197	CZ	D	LEU	5	N	3.93	proximal	INTRA_SELECTION
atom-atom	R	TYR	197	CE1	D	LEU	5	N	4.37	proximal	INTRA_SELECTION
atom-atom	R	ARG	208	NH2	D	LEU	5	CG	4.75	proximal	INTRA_SELECTION
atom-atom	D	LEU	5	CG	R	ARG	278	NH2	4.73	proximal	INTRA_SELECTION
atom-atom	D	LEU	5	CD1	R	ARG	278	NH2	4.56	proximal	INTRA_SELECTION
atom-atom	D	ILE	40	CD1	R	PRO	38	CG	4.84	proximal	INTRA_SELECTION
atom-atom	D	GLN	8	O	R	PRO	38	CG	3.32	proximal;weak_polar	INTRA_SELECTION
atom-atom	D	GLN	8	O	R	PRO	38	CD	4.28	proximal	INTRA_SELECTION
atom-atom	D	GLN	8	O	R	PRO	38	CB	3.9	proximal	INTRA_SELECTION
atom-atom	D	CYS	50	N	R	ALA	36	CB	4.98	proximal	INTRA_SELECTION
atom-atom	R	LEU	29	O	D	PHE	17	CG	4.93	proximal	INTRA_SELECTION
atom-atom	R	LEU	29	O	D	PHE	17	CB	3.82	proximal	INTRA_SELECTION
atom-atom	D	PHE	17	CB	R	LEU	29	C	4.88	proximal	INTRA_SELECTION
atom-atom	R	LEU	29	O	D	PHE	17	CA	4.67	proximal	INTRA_SELECTION
atom-atom	R	PRO	31	O	D	PHE	17	CD2	4.65	proximal	INTRA_SELECTION
atom-atom	D	PHE	17	CB	R	LEU	29	CB	4.92	proximal	INTRA_SELECTION
atom-atom	R	VAL	187	CB	D	PRO	32	CG	4.87	proximal	INTRA_SELECTION
atom-atom	D	PRO	32	CG	R	VAL	187	CG2	4.82	proximal	INTRA_SELECTION
atom-atom	D	PRO	32	CB	R	VAL	187	CB	4.75	proximal	INTRA_SELECTION
atom-atom	D	PRO	32	CB	R	VAL	187	CG2	4.33	proximal;hydrophobic	INTRA_SELECTION
atom-atom	D	LEU	5	CB	R	TYR	197	CE2	4.28	proximal;hydrophobic	INTRA_SELECTION
atom-atom	D	LEU	5	CD2	R	TYR	197	CE2	3.56	proximal;hydrophobic	INTRA_SELECTION
atom-atom	D	LEU	5	CG	R	TYR	197	CE2	4.41	proximal;hydrophobic	INTRA_SELECTION
atom-atom	R	TYR	188	O	D	PRO	32	CG	4.85	proximal	INTRA_SELECTION
atom-atom	D	PRO	32	CG	R	VAL	187	CG1	3.7	proximal;hydrophobic	INTRA_SELECTION
atom-atom	D	PRO	32	CB	R	VAL	187	CG1	3.86	proximal;hydrophobic	INTRA_SELECTION
atom-atom	R	SER	189	OG	D	HIS	33	CG	4.69	proximal	INTRA_SELECTION
atom-atom	R	VAL	187	CG1	D	PRO	32	O	4.96	proximal	INTRA_SELECTION
atom-atom	D	HIS	33	NE2	R	SER	189	CB	5.0	proximal	INTRA_SELECTION
atom-atom	D	HIS	33	CD2	R	SER	189	CB	4.63	proximal	INTRA_SELECTION
atom-atom	R	SER	189	OG	D	HIS	33	NE2	4.22	proximal	INTRA_SELECTION
atom-atom	R	SER	189	OG	D	HIS	33	CD2	4.12	proximal	INTRA_SELECTION
atom-atom	R	SER	189	OG	D	HIS	33	CE1	4.82	proximal	INTRA_SELECTION
atom-atom	R	TYR	197	CZ	D	LYS	3	CA	3.93	proximal	INTRA_SELECTION
atom-atom	R	TYR	197	CE1	D	LYS	3	CA	4.05	proximal	INTRA_SELECTION
atom-atom	D	LYS	3	CB	R	TYR	197	CZ	4.24	proximal	INTRA_SELECTION
atom-atom	D	LYS	3	CB	R	TYR	197	CE1	3.96	proximal;hydrophobic	INTRA_SELECTION
atom-atom	R	TYR	197	CD1	D	LYS	3	CB	4.71	proximal	INTRA_SELECTION
atom-atom	R	CYS	196	O	D	LYS	3	CD	4.89	proximal	INTRA_SELECTION
atom-atom	D	GLU	4	N	R	TYR	197	CE2	4.95	proximal	INTRA_SELECTION
atom-atom	D	LEU	5	N	R	TYR	197	CE2	4.85	proximal	INTRA_SELECTION
atom-atom	R	PHE	32	CD1	D	PHE	21	CE1	4.64	proximal	INTRA_SELECTION
atom-atom	D	PHE	21	CE2	R	PHE	32	CD1	3.82	proximal;aromatic;hydrophobic	INTRA_SELECTION
atom-atom	R	PHE	32	CG	D	PHE	21	CE2	4.16	proximal;hydrophobic	INTRA_SELECTION
atom-atom	D	PHE	21	CE2	R	PHE	32	CB	4.64	proximal	INTRA_SELECTION
atom-atom	D	PHE	21	CD2	R	PHE	32	CD1	4.98	proximal	INTRA_SELECTION
atom-atom	R	TRP	104	CH2	D	LYS	3	CD	4.63	proximal	INTRA_SELECTION
atom-atom	R	TRP	104	CH2	D	LYS	3	CE	4.47	proximal	INTRA_SELECTION
atom-atom	R	TYR	197	OH	D	ALA	2	C	4.74	proximal	INTRA_SELECTION
atom-atom	D	ALA	2	O	R	TYR	197	OH	4.06	proximal	INTRA_SELECTION
atom-atom	R	TRP	104	CZ2	D	LYS	3	CG	4.79	proximal	INTRA_SELECTION
atom-atom	R	TRP	104	CZ2	D	LYS	3	CD	4.28	proximal;hydrophobic	INTRA_SELECTION
atom-atom	R	TRP	104	CZ2	D	LYS	3	CE	4.02	proximal	INTRA_SELECTION
atom-atom	D	LYS	3	N	R	TYR	197	OH	4.54	proximal	INTRA_SELECTION
atom-atom	D	LYS	3	CA	R	TYR	197	OH	3.37	proximal;weak_polar	INTRA_SELECTION
atom-atom	D	LYS	3	CB	R	TYR	197	OH	4.16	proximal	INTRA_SELECTION
atom-atom	D	GLN	8	NE2	R	PRO	38	CG	3.75	proximal	INTRA_SELECTION
atom-atom	R	PRO	38	CB	D	GLN	8	NE2	3.35	proximal	INTRA_SELECTION
atom-atom	D	GLN	8	CD	R	PRO	38	CG	4.03	proximal	INTRA_SELECTION
atom-atom	D	GLN	8	CD	R	PRO	38	CB	3.67	proximal	INTRA_SELECTION
atom-atom	D	GLN	8	OE1	R	PRO	38	CB	4.46	proximal	INTRA_SELECTION
atom-atom	R	PHE	32	CG	D	ASP	45	OD2	4.8	proximal	INTRA_SELECTION
atom-atom	R	PHE	32	CD1	D	PHE	21	CZ	3.59	proximal;aromatic;hydrophobic	INTRA_SELECTION
atom-atom	R	PHE	32	CG	D	PHE	21	CZ	4.33	proximal;hydrophobic	INTRA_SELECTION
atom-atom	R	PRO	38	CG	D	GLN	8	CG	3.59	proximal;hydrophobic	INTRA_SELECTION
atom-atom	R	PRO	38	CB	D	GLN	8	CG	3.75	proximal;hydrophobic	INTRA_SELECTION
atom-atom	D	GLN	8	NE2	R	PRO	38	C	3.5	proximal	INTRA_SELECTION
atom-atom	R	CYS	39	N	D	GLN	8	NE2	3.6	proximal	INTRA_SELECTION
atom-atom	R	PRO	38	CA	D	GLN	8	NE2	4.04	proximal	INTRA_SELECTION
atom-atom	R	PRO	38	N	D	GLN	8	NE2	4.97	proximal	INTRA_SELECTION
atom-atom	D	GLN	8	CD	R	PRO	38	C	4.53	proximal	INTRA_SELECTION
atom-atom	D	GLN	8	CD	R	CYS	39	N	4.62	proximal	INTRA_SELECTION
atom-atom	R	PRO	38	CA	D	GLN	8	CD	4.74	proximal	INTRA_SELECTION
atom-atom	R	ALA	37	CB	D	GLU	48	CD	3.48	vdw	INTRA_SELECTION
atom-atom	D	GLU	48	CD	R	ALA	37	CA	4.53	proximal	INTRA_SELECTION
atom-atom	D	GLU	48	CG	R	ALA	37	CB	4.0	proximal;hydrophobic	INTRA_SELECTION
atom-atom	D	GLU	48	CG	R	ALA	37	CA	4.61	proximal	INTRA_SELECTION
atom-atom	R	PHE	32	CD2	D	ARG	47	CZ	4.78	proximal	INTRA_SELECTION
atom-atom	D	GLU	48	C	R	ALA	37	CB	4.54	proximal	INTRA_SELECTION
atom-atom	D	GLU	48	C	R	ALA	37	CA	4.79	proximal	INTRA_SELECTION
atom-atom	D	GLU	4	CB	R	ASP	293	OD1	4.65	proximal	INTRA_SELECTION
atom-atom	R	PHE	32	CG	D	ARG	47	CD	4.79	proximal	INTRA_SELECTION
atom-atom	R	PHE	32	CG	D	ARG	47	NE	4.6	proximal	INTRA_SELECTION
atom-atom	D	ARG	47	NE	R	PHE	32	CB	4.78	proximal	INTRA_SELECTION
atom-atom	R	PHE	32	CA	D	ARG	47	NE	4.99	proximal	INTRA_SELECTION
atom-atom	D	GLU	4	CG	R	ASP	293	OD1	4.92	proximal	INTRA_SELECTION
atom-atom	R	ALA	37	C	D	GLU	48	OE1	4.81	proximal	INTRA_SELECTION
atom-atom	R	ALA	37	CB	D	GLU	48	OE2	3.83	proximal	INTRA_SELECTION
atom-atom	R	ALA	37	CB	D	GLU	48	OE1	3.34	proximal;weak_polar	INTRA_SELECTION
atom-atom	D	GLU	48	OE1	R	ALA	37	CA	4.38	proximal	INTRA_SELECTION
atom-atom	D	ARG	47	CB	R	PHE	32	O	4.96	proximal	INTRA_SELECTION
atom-atom	R	LEU	33	CD2	D	ARG	47	CD	4.36	proximal	INTRA_SELECTION
atom-atom	D	ARG	47	CD	R	LEU	33	CG	4.92	proximal	INTRA_SELECTION
atom-atom	D	ARG	47	CD	R	PHE	32	O	3.86	proximal	INTRA_SELECTION
atom-atom	R	LEU	33	CD2	D	ARG	47	NE	4.34	proximal	INTRA_SELECTION
atom-atom	D	ARG	47	NE	R	ASP	35	OD1	4.42	proximal	INTRA_SELECTION
atom-atom	D	ARG	47	NE	R	LEU	33	CG	4.75	proximal	INTRA_SELECTION
atom-atom	D	ARG	47	NE	R	PHE	32	O	2.76	vdw_clash;hbond;polar	INTRA_SELECTION
atom-atom	R	LEU	33	CD2	D	ARG	47	NH1	4.1	proximal	INTRA_SELECTION
atom-atom	R	ASP	35	OD1	D	ARG	47	NH1	2.36	vdw_clash;ionic;polar	INTRA_SELECTION
atom-atom	D	ARG	47	NH1	R	PHE	32	O	4.37	proximal	INTRA_SELECTION
atom-atom	D	ARG	47	NH1	R	ASP	35	CG	3.51	proximal	INTRA_SELECTION
atom-atom	D	ARG	47	CD	R	PHE	32	C	4.87	proximal	INTRA_SELECTION
atom-atom	D	ARG	47	NE	R	PHE	32	C	3.9	proximal	INTRA_SELECTION
atom-atom	R	LEU	33	CA	D	ARG	47	NE	4.26	proximal	INTRA_SELECTION
atom-atom	R	ASP	35	CB	D	ARG	47	NH1	4.64	proximal	INTRA_SELECTION
atom-atom	R	ASP	35	CA	D	ARG	47	NH1	4.59	proximal	INTRA_SELECTION
atom-atom	R	LEU	33	CA	D	ARG	47	NH1	4.64	proximal	INTRA_SELECTION
atom-atom	R	LEU	33	N	D	ARG	47	NE	4.58	proximal	INTRA_SELECTION
atom-atom	D	ARG	47	NH1	R	ASP	35	N	4.55	proximal	INTRA_SELECTION
atom-atom	R	GLN	319	CA	A	PHE	354	O	4.07	proximal	INTRA_SELECTION
atom-atom	A	PHE	354	O	R	GLY	318	C	3.86	proximal	INTRA_SELECTION
atom-atom	A	PHE	354	O	R	GLN	319	CB	3.78	proximal	INTRA_SELECTION
atom-atom	A	PHE	354	O	R	GLN	319	N	3.14	vdw;polar	INTRA_SELECTION
atom-atom	R	GLY	318	CA	A	GLY	352	O	3.25	vdw;weak_polar	INTRA_SELECTION
atom-atom	R	ILE	317	CG2	A	GLY	352	O	4.44	proximal	INTRA_SELECTION
atom-atom	R	ILE	317	CA	A	GLY	352	O	4.99	proximal	INTRA_SELECTION
atom-atom	R	ILE	317	O	A	GLY	352	O	4.92	proximal	INTRA_SELECTION
atom-atom	A	GLY	352	O	R	ILE	317	C	4.28	proximal	INTRA_SELECTION
atom-atom	A	GLY	352	O	R	GLY	318	N	3.42	proximal;polar	INTRA_SELECTION
atom-atom	A	GLY	352	O	R	ILE	317	CB	4.59	proximal	INTRA_SELECTION
atom-atom	R	ILE	317	O	A	PHE	354	O	4.8	proximal	INTRA_SELECTION
atom-atom	A	PHE	354	O	R	GLY	318	N	4.82	proximal	INTRA_SELECTION
atom-atom	R	ARG	248	NH2	A	PHE	354	O	4.8	proximal	INTRA_SELECTION
atom-atom	A	GLY	352	O	R	GLY	318	C	4.7	proximal	INTRA_SELECTION
atom-atom	R	GLY	318	CA	A	PHE	354	O	3.6	proximal	INTRA_SELECTION
atom-atom	R	ARG	248	CZ	A	PHE	354	O	4.42	proximal	INTRA_SELECTION
atom-atom	R	ARG	248	NH1	A	PHE	354	O	3.4	proximal;polar	INTRA_SELECTION
atom-atom	R	ASP	35	OD2	D	ARG	47	NH1	4.1	proximal	INTRA_SELECTION
atom-atom	B	PHE	335	CE2	R	VAL	78	CG1	3.74	proximal;hydrophobic	INTRA_SELECTION
atom-atom	B	PHE	335	CE2	R	VAL	78	CB	4.93	proximal	INTRA_SELECTION
atom-atom	R	VAL	78	CG1	B	PHE	335	CZ	3.86	proximal;hydrophobic	INTRA_SELECTION
atom-atom	R	VAL	78	CB	B	PHE	335	CZ	4.86	proximal	INTRA_SELECTION
atom-atom	R	ASP	35	OD2	D	ARG	47	NH2	4.97	proximal	INTRA_SELECTION
atom-atom	R	SER	26	CA	D	ARG	60	NH1	4.38	proximal	INTRA_SELECTION
atom-atom	R	SER	26	N	D	PRO	16	CB	4.33	proximal	INTRA_SELECTION
atom-atom	R	SER	26	N	D	ARG	60	NH1	4.8	proximal	INTRA_SELECTION
atom-atom	R	ASN	202	ND2	D	ALA	35	O	4.58	proximal	INTRA_SELECTION
atom-atom	R	ASN	202	CG	D	ALA	35	O	4.48	proximal	INTRA_SELECTION
atom-atom	D	ALA	35	O	R	ASN	202	OD1	3.62	proximal	INTRA_SELECTION
atom-atom	D	ALA	35	CB	R	ASN	206	OD1	4.58	proximal	INTRA_SELECTION
atom-atom	R	ASN	202	O	D	ALA	35	CA	4.1	proximal	INTRA_SELECTION
atom-atom	D	ALA	35	C	R	ASN	202	O	5.0	proximal	INTRA_SELECTION
atom-atom	D	ALA	35	CB	R	ASN	202	O	4.6	proximal	INTRA_SELECTION
atom-atom	D	ALA	35	C	R	ASN	202	CG	4.96	proximal	INTRA_SELECTION
atom-atom	D	ALA	35	CA	R	ASN	202	OD1	4.22	proximal	INTRA_SELECTION
atom-atom	D	ALA	35	C	R	ASN	202	OD1	4.2	proximal	INTRA_SELECTION
atom-atom	D	ALA	35	CB	R	ASN	202	OD1	4.87	proximal	INTRA_SELECTION
atom-atom	R	ASN	202	ND2	D	SER	30	OG	3.7	proximal	INTRA_SELECTION
atom-atom	R	ASN	202	O	D	SER	30	OG	4.99	proximal	INTRA_SELECTION
atom-atom	R	ASN	202	CG	D	SER	30	OG	4.24	proximal	INTRA_SELECTION
atom-atom	D	SER	30	OG	R	ASN	202	OD1	4.33	proximal	INTRA_SELECTION
atom-atom	D	ARG	60	NH1	R	SER	26	CB	4.38	proximal	INTRA_SELECTION
atom-atom	R	ASN	202	O	D	ALA	35	N	4.73	proximal	INTRA_SELECTION
atom-atom	R	LEU	29	CD1	D	LYS	15	CD	3.73	proximal;hydrophobic	INTRA_SELECTION
atom-atom	D	LYS	15	CG	R	LEU	29	CD1	4.07	proximal;hydrophobic	INTRA_SELECTION
atom-atom	R	LEU	34	CD1	D	LYS	11	CD	4.31	proximal;hydrophobic	INTRA_SELECTION
atom-atom	R	GLU	284	C	D	ILE	10	CD1	4.53	proximal	INTRA_SELECTION
atom-atom	D	ILE	10	CD1	R	GLU	284	O	3.46	proximal;weak_polar	INTRA_SELECTION
atom-atom	R	GLU	284	O	D	ILE	10	CB	4.47	proximal	INTRA_SELECTION
atom-atom	R	GLU	284	CB	D	ARG	6	NH2	4.46	proximal	INTRA_SELECTION
atom-atom	D	TYR	13	CB	R	LEU	34	CD1	3.88	proximal	INTRA_SELECTION
atom-atom	D	TYR	13	CG	R	LEU	34	CD1	4.09	proximal;hydrophobic	INTRA_SELECTION
atom-atom	D	TYR	13	CD1	R	LEU	34	CD1	3.52	proximal;hydrophobic	INTRA_SELECTION
atom-atom	D	TYR	13	CE1	R	LEU	34	CD1	4.45	proximal;hydrophobic	INTRA_SELECTION
atom-atom	D	TYR	13	N	R	LEU	34	CD1	4.21	proximal	INTRA_SELECTION
atom-atom	D	TYR	13	CA	R	LEU	34	CD1	4.22	proximal	INTRA_SELECTION
atom-atom	R	LEU	34	CD1	D	THR	12	C	4.74	proximal	INTRA_SELECTION
atom-atom	R	LEU	29	CD1	D	LYS	15	NZ	4.93	proximal	INTRA_SELECTION
atom-atom	R	LEU	29	CD1	D	LYS	15	CE	4.69	proximal	INTRA_SELECTION
atom-atom	D	ARG	6	NH2	R	GLU	284	CG	4.27	proximal	INTRA_SELECTION
atom-atom	D	ARG	6	NH2	R	GLU	284	CD	4.76	proximal	INTRA_SELECTION
atom-atom	D	ARG	6	NH2	R	GLU	284	OE2	4.57	proximal	INTRA_SELECTION
atom-atom	D	PRO	16	O	R	LEU	29	CG	4.68	proximal	INTRA_SELECTION
atom-atom	D	PRO	16	O	R	LEU	29	CD1	4.27	proximal	INTRA_SELECTION
atom-atom	R	ARG	159	CD	A	GLU	28	OE2	4.89	proximal	INTRA_SELECTION
atom-atom	R	ARG	159	CD	A	GLU	28	CD	4.94	proximal	INTRA_SELECTION
atom-atom	R	ARG	159	CD	A	GLU	28	CG	4.74	proximal	INTRA_SELECTION
atom-atom	R	ARG	159	CG	A	GLU	28	OE2	4.98	proximal	INTRA_SELECTION
atom-atom	A	ARG	32	NE	R	THR	156	OG1	3.53	proximal	INTRA_SELECTION
atom-atom	R	THR	156	OG1	A	ARG	32	CG	4.78	proximal	INTRA_SELECTION
atom-atom	A	ARG	32	CD	R	THR	156	OG1	3.32	vdw;weak_polar	INTRA_SELECTION
atom-atom	A	ARG	32	NH2	R	THR	156	OG1	4.8	proximal	INTRA_SELECTION
atom-atom	R	THR	156	OG1	A	ARG	32	NH1	4.32	proximal	INTRA_SELECTION
atom-atom	A	ARG	32	CZ	R	THR	156	OG1	4.04	proximal	INTRA_SELECTION
atom-atom	R	THR	156	O	A	ARG	32	NH2	3.58	proximal	INTRA_SELECTION
atom-atom	R	THR	156	O	A	ARG	32	NH1	4.25	proximal	INTRA_SELECTION
atom-atom	R	THR	156	O	A	ARG	32	CZ	4.03	proximal	INTRA_SELECTION
atom-atom	A	ARG	32	NH2	R	THR	156	C	4.21	proximal	INTRA_SELECTION
atom-atom	R	THR	156	C	A	ARG	32	NH1	4.4	proximal	INTRA_SELECTION
atom-atom	A	ARG	32	CZ	R	THR	156	C	4.31	proximal	INTRA_SELECTION
atom-atom	R	THR	156	O	A	ARG	32	NE	4.8	proximal	INTRA_SELECTION
atom-atom	A	ARG	32	NE	R	THR	156	C	4.88	proximal	INTRA_SELECTION
atom-atom	R	THR	156	CA	A	ARG	32	NH2	3.92	proximal	INTRA_SELECTION
atom-atom	R	THR	156	CA	A	ARG	32	NH1	3.56	proximal	INTRA_SELECTION
atom-atom	R	THR	156	CA	A	ARG	32	CZ	3.56	proximal	INTRA_SELECTION
atom-atom	R	THR	156	N	A	ARG	32	NH1	4.13	proximal	INTRA_SELECTION
atom-atom	A	ARG	32	CZ	R	THR	156	N	4.5	proximal	INTRA_SELECTION
atom-atom	R	THR	156	CG2	A	ARG	32	NH2	3.69	proximal	INTRA_SELECTION
atom-atom	R	THR	156	CG2	A	ARG	32	NH1	4.43	proximal	INTRA_SELECTION
atom-atom	R	THR	156	CG2	A	ARG	32	CZ	3.62	proximal	INTRA_SELECTION
atom-atom	A	ARG	32	NH2	R	THR	156	CB	4.34	proximal	INTRA_SELECTION
atom-atom	R	THR	156	CB	A	ARG	32	NH1	4.32	proximal	INTRA_SELECTION
atom-atom	A	ARG	32	CZ	R	THR	156	CB	3.94	proximal	INTRA_SELECTION
atom-atom	R	THR	156	CA	A	ARG	32	NE	3.89	proximal	INTRA_SELECTION
atom-atom	A	ARG	32	CD	R	THR	156	CA	4.3	proximal	INTRA_SELECTION
atom-atom	A	ARG	32	NE	R	THR	156	N	4.79	proximal	INTRA_SELECTION
atom-atom	A	ARG	32	CD	R	THR	156	N	4.82	proximal	INTRA_SELECTION
atom-atom	R	THR	156	CG2	A	ARG	32	NE	3.37	proximal	INTRA_SELECTION
atom-atom	A	ARG	32	CD	R	THR	156	CG2	4.08	proximal	INTRA_SELECTION
atom-atom	A	ARG	32	NE	R	THR	156	CB	3.78	proximal	INTRA_SELECTION
atom-atom	A	ARG	32	CD	R	THR	156	CB	4.08	proximal	INTRA_SELECTION
atom-atom	R	ARG	159	CD	A	ARG	32	NH2	4.56	proximal	INTRA_SELECTION
atom-atom	R	ARG	159	CG	A	ARG	32	NH2	4.71	proximal	INTRA_SELECTION
atom-atom	A	ARG	32	NH2	R	ARG	159	CB	3.96	proximal	INTRA_SELECTION
atom-atom	R	ARG	159	CD	A	ARG	32	NH1	4.79	proximal	INTRA_SELECTION
atom-atom	R	ARG	159	CB	A	ARG	32	NH1	4.57	proximal	INTRA_SELECTION
atom-atom	A	ARG	32	CZ	R	ARG	159	CB	4.76	proximal	INTRA_SELECTION
atom-atom	R	ARG	159	CA	A	ARG	32	NH2	4.94	proximal	INTRA_SELECTION
atom-atom	R	TYR	160	N	A	ARG	32	NH2	4.81	proximal	INTRA_SELECTION
atom-atom	R	ASN	206	CG	D	ALA	35	CB	4.84	proximal	INTRA_SELECTION
atom-atom	D	ALA	35	CB	R	ASN	206	ND2	4.68	proximal	INTRA_SELECTION
atom-atom	R	THR	83	CA	A	ASP	350	O	4.74	proximal	INTRA_SELECTION
atom-atom	R	SER	81	OG	A	ASP	350	O	4.27	proximal	INTRA_SELECTION
atom-atom	A	ASP	350	O	R	THR	83	CB	3.51	proximal	INTRA_SELECTION
atom-atom	R	SER	81	OG	A	ASP	350	OD2	4.48	proximal	INTRA_SELECTION
atom-atom	A	ASP	350	C	R	THR	83	CB	4.41	proximal	INTRA_SELECTION
atom-atom	R	SER	81	CB	A	ASP	350	OD2	4.47	proximal	INTRA_SELECTION
atom-atom	R	THR	83	OG1	A	CYS	351	N	4.23	proximal	INTRA_SELECTION
atom-atom	A	CYS	351	CA	R	THR	83	OG1	3.54	proximal	INTRA_SELECTION
atom-atom	R	THR	83	OG1	A	ASP	350	O	3.7	proximal	INTRA_SELECTION
atom-atom	R	SER	81	OG	A	ASP	350	CB	4.72	proximal	INTRA_SELECTION
atom-atom	A	CYS	351	N	R	THR	83	CB	4.63	proximal	INTRA_SELECTION
atom-atom	A	CYS	351	CA	R	THR	83	CB	3.93	proximal	INTRA_SELECTION
atom-atom	R	THR	83	OG1	A	ASP	350	C	4.27	proximal	INTRA_SELECTION
atom-atom	R	THR	83	CG2	A	CYS	351	O	3.36	proximal;weak_polar	INTRA_SELECTION
atom-atom	A	CYS	351	C	R	THR	83	CG2	3.93	proximal	INTRA_SELECTION
atom-atom	R	ARG	144	NH2	A	CYS	351	O	3.42	proximal;polar	INTRA_SELECTION
atom-atom	R	ARG	144	CZ	A	CYS	351	O	4.24	proximal	INTRA_SELECTION
atom-atom	A	CYS	351	C	R	ARG	144	NH2	4.51	proximal	INTRA_SELECTION
atom-atom	A	CYS	351	CB	R	ARG	144	NE	4.38	proximal	INTRA_SELECTION
atom-atom	A	CYS	351	SG	R	ARG	144	NE	2.96	vdw_clash;hbond;polar	INTRA_SELECTION
atom-atom	A	CYS	351	SG	R	ARG	144	CD	3.8	proximal	INTRA_SELECTION
atom-atom	A	CYS	351	SG	R	ASP	143	OD2	4.7	proximal	INTRA_SELECTION
atom-atom	R	THR	83	CG2	A	CYS	351	CB	4.59	proximal	INTRA_SELECTION
atom-atom	A	CYS	351	SG	R	THR	83	CG2	4.13	proximal	INTRA_SELECTION
atom-atom	R	ARG	144	NE	A	CYS	351	O	4.29	proximal	INTRA_SELECTION
atom-atom	A	CYS	351	C	R	ARG	144	NE	4.95	proximal	INTRA_SELECTION
atom-atom	A	CYS	351	SG	R	ARG	144	NH2	3.84	proximal	INTRA_SELECTION
atom-atom	A	CYS	351	SG	R	ARG	144	CZ	3.84	proximal	INTRA_SELECTION
atom-atom	R	THR	83	CG2	A	ASP	350	O	4.09	proximal	INTRA_SELECTION
atom-atom	R	THR	83	CG2	A	ASP	350	C	4.92	proximal	INTRA_SELECTION
atom-atom	R	THR	83	CB	A	CYS	351	O	4.29	proximal	INTRA_SELECTION
atom-atom	A	CYS	351	C	R	THR	83	CB	4.48	proximal	INTRA_SELECTION
atom-atom	R	THR	83	CG2	A	CYS	351	N	4.89	proximal	INTRA_SELECTION
atom-atom	A	CYS	351	CA	R	THR	83	CG2	3.84	proximal	INTRA_SELECTION
atom-atom	R	THR	83	OG1	A	CYS	351	O	4.47	proximal	INTRA_SELECTION
atom-atom	A	CYS	351	C	R	THR	83	OG1	4.48	proximal	INTRA_SELECTION
atom-atom	A	CYS	351	CB	R	THR	83	CB	4.74	proximal	INTRA_SELECTION
atom-atom	A	CYS	351	SG	R	THR	83	CB	4.62	proximal	INTRA_SELECTION
atom-atom	R	THR	83	OG1	A	CYS	351	CB	3.97	proximal	INTRA_SELECTION
atom-atom	A	CYS	351	SG	R	THR	83	OG1	3.83	proximal	INTRA_SELECTION
atom-atom	R	VAL	252	CG1	A	LEU	353	CA	4.95	proximal	INTRA_SELECTION
atom-atom	R	VAL	252	CG1	A	LEU	353	CD2	4.05	proximal;hydrophobic	INTRA_SELECTION
atom-atom	A	LEU	353	CG	R	ILE	253	CG1	4.65	proximal	INTRA_SELECTION
atom-atom	A	LEU	353	CD1	R	ILE	253	CG1	3.98	proximal;hydrophobic	INTRA_SELECTION
atom-atom	A	LEU	353	CD2	R	ILE	253	CG1	4.11	proximal;hydrophobic	INTRA_SELECTION
atom-atom	R	ARG	144	NH2	A	LEU	353	CD2	4.34	proximal	INTRA_SELECTION
atom-atom	A	LEU	353	CD2	R	ARG	144	CZ	3.75	proximal	INTRA_SELECTION
atom-atom	A	LEU	353	CD2	R	ARG	144	NH1	3.81	proximal	INTRA_SELECTION
atom-atom	A	LEU	353	CG	R	ARG	144	CZ	4.48	proximal	INTRA_SELECTION
atom-atom	A	LEU	353	CD1	R	ARG	144	CZ	4.95	proximal	INTRA_SELECTION
atom-atom	A	LEU	353	CG	R	ARG	144	NH1	4.85	proximal	INTRA_SELECTION
atom-atom	A	LEU	353	CD2	R	ARG	144	NE	3.77	proximal	INTRA_SELECTION
atom-atom	A	LEU	353	CD2	R	ARG	144	CD	3.88	proximal	INTRA_SELECTION
atom-atom	A	LEU	353	CG	R	ARG	144	NE	4.09	proximal	INTRA_SELECTION
atom-atom	A	LEU	353	CD1	R	ARG	144	NE	4.26	proximal	INTRA_SELECTION
atom-atom	A	LEU	353	CG	R	ARG	144	CD	4.12	proximal	INTRA_SELECTION
atom-atom	R	ARG	144	CD	A	LEU	353	CD1	3.79	proximal	INTRA_SELECTION
atom-atom	R	ILE	148	CD1	A	LEU	348	CD2	3.67	proximal;hydrophobic	INTRA_SELECTION
atom-atom	R	ILE	148	CG1	A	LEU	348	CD2	4.13	proximal;hydrophobic	INTRA_SELECTION
atom-atom	R	ILE	148	CG1	A	ASN	347	CB	4.74	proximal	INTRA_SELECTION
atom-atom	A	ILE	344	CB	R	ILE	148	CG2	4.86	proximal	INTRA_SELECTION
atom-atom	A	ASN	347	CB	R	ALA	147	O	3.27	vdw;weak_polar	INTRA_SELECTION
atom-atom	A	ASN	347	OD1	R	ALA	147	O	4.19	proximal	INTRA_SELECTION
atom-atom	A	ASN	347	CG	R	ALA	147	O	3.16	vdw_clash	INTRA_SELECTION
atom-atom	A	ASN	347	ND2	R	ALA	147	O	2.48	vdw_clash;polar	INTRA_SELECTION
atom-atom	R	ILE	148	N	A	ASN	347	ND2	4.68	proximal	INTRA_SELECTION
atom-atom	A	ASN	347	OD1	R	LYS	158	NZ	4.78	proximal	INTRA_SELECTION
atom-atom	A	ASN	347	OD1	R	ALA	147	CB	4.91	proximal	INTRA_SELECTION
atom-atom	A	ASN	347	CG	R	ALA	147	CB	4.43	proximal	INTRA_SELECTION
atom-atom	A	ASN	347	ND2	R	ALA	147	CB	4.37	proximal	INTRA_SELECTION
atom-atom	R	ALA	147	CA	A	ASN	347	CG	4.72	proximal	INTRA_SELECTION
atom-atom	A	ASN	347	CG	R	ALA	147	C	4.26	proximal	INTRA_SELECTION
atom-atom	R	ALA	147	CA	A	ASN	347	ND2	4.22	proximal	INTRA_SELECTION
atom-atom	A	ASN	347	ND2	R	ALA	147	C	3.62	proximal	INTRA_SELECTION
atom-atom	A	ASN	347	CB	R	ALA	147	CB	4.52	proximal	INTRA_SELECTION
atom-atom	A	ASN	347	CB	R	ALA	147	CA	5.0	proximal	INTRA_SELECTION
atom-atom	A	ASN	347	CB	R	ALA	147	C	4.33	proximal	INTRA_SELECTION
atom-atom	A	CYS	351	SG	R	ARG	144	CB	4.02	proximal	INTRA_SELECTION
atom-atom	A	CYS	351	SG	R	ARG	144	N	4.81	proximal	INTRA_SELECTION
atom-atom	A	CYS	351	SG	R	ARG	144	CA	4.25	proximal	INTRA_SELECTION
atom-atom	R	ARG	144	CG	A	CYS	351	CB	4.79	proximal	INTRA_SELECTION
atom-atom	A	CYS	351	SG	R	ARG	144	CG	3.56	vdw	INTRA_SELECTION
atom-atom	A	ASN	347	CA	R	ALA	147	O	4.76	proximal	INTRA_SELECTION
atom-atom	R	ARG	144	CG	A	LEU	353	CD2	4.89	proximal	INTRA_SELECTION
atom-atom	R	ILE	253	CD1	A	LEU	353	CD2	4.72	proximal	INTRA_SELECTION
atom-atom	R	ARG	144	CG	A	LEU	353	CG	4.7	proximal	INTRA_SELECTION
atom-atom	R	ARG	144	CG	A	LEU	353	CD1	4.05	proximal;hydrophobic	INTRA_SELECTION
atom-atom	A	LEU	353	CG	R	ILE	253	CD1	4.8	proximal	INTRA_SELECTION
atom-atom	R	ILE	253	CD1	A	LEU	353	CD1	3.72	proximal;hydrophobic	INTRA_SELECTION
atom-atom	R	ILE	148	CD1	A	LEU	353	CD1	4.19	proximal;hydrophobic	INTRA_SELECTION
atom-atom	R	ARG	248	CG	A	LEU	353	O	4.88	proximal	INTRA_SELECTION
atom-atom	R	GLN	245	O	A	PHE	354	CG	4.89	proximal	INTRA_SELECTION
atom-atom	A	PHE	354	CB	R	GLN	245	O	4.64	proximal	INTRA_SELECTION
atom-atom	R	ARG	248	C	A	LEU	353	O	4.89	proximal	INTRA_SELECTION
atom-atom	R	ALA	249	N	A	LEU	353	O	4.8	proximal	INTRA_SELECTION
atom-atom	R	ALA	249	CA	A	LEU	353	O	4.39	proximal	INTRA_SELECTION
atom-atom	R	GLN	245	O	A	PHE	354	CD1	4.74	proximal	INTRA_SELECTION
atom-atom	R	ALA	249	CA	A	LEU	353	C	4.69	proximal	INTRA_SELECTION
atom-atom	R	VAL	252	CG2	A	LEU	353	O	4.0	proximal	INTRA_SELECTION
atom-atom	R	VAL	252	CG2	A	LEU	353	C	4.9	proximal	INTRA_SELECTION
atom-atom	R	VAL	252	CB	A	LEU	353	O	4.66	proximal	INTRA_SELECTION
atom-atom	R	ARG	248	O	A	LEU	353	O	4.63	proximal	INTRA_SELECTION
atom-atom	R	GLN	245	CD	A	ASP	315	OD2	4.6	proximal	INTRA_SELECTION
atom-atom	A	ASP	315	O	R	GLN	245	CG	4.62	proximal	INTRA_SELECTION
atom-atom	R	GLN	245	OE1	A	ASP	315	CB	4.61	proximal	INTRA_SELECTION
atom-atom	R	GLN	245	OE1	A	ASP	315	OD2	3.65	proximal	INTRA_SELECTION
atom-atom	A	ASP	315	CG	R	GLN	245	OE1	4.44	proximal	INTRA_SELECTION
atom-atom	A	PHE	354	CE1	R	GLN	245	CD	4.76	proximal	INTRA_SELECTION
atom-atom	R	GLN	245	CD	A	PHE	354	CD1	4.98	proximal	INTRA_SELECTION
atom-atom	A	PHE	354	CE1	R	GLN	245	CG	3.58	proximal;hydrophobic	INTRA_SELECTION
atom-atom	A	PHE	354	CE1	R	GLN	245	CB	3.71	proximal;hydrophobic	INTRA_SELECTION
atom-atom	R	GLN	245	CG	A	PHE	354	CZ	4.45	proximal;hydrophobic	INTRA_SELECTION
atom-atom	A	PHE	354	CZ	R	GLN	245	CB	4.55	proximal	INTRA_SELECTION
atom-atom	R	GLN	245	CG	A	PHE	354	CD1	3.92	proximal;hydrophobic	INTRA_SELECTION
atom-atom	A	PHE	354	CD1	R	GLN	245	CB	3.57	proximal;hydrophobic	INTRA_SELECTION
atom-atom	R	GLN	245	CG	A	PHE	354	CG	4.99	proximal	INTRA_SELECTION
atom-atom	A	PHE	354	CG	R	GLN	245	CB	4.34	proximal;hydrophobic	INTRA_SELECTION
atom-atom	A	PHE	354	CB	R	GLN	245	CB	4.92	proximal	INTRA_SELECTION
atom-atom	A	PHE	354	CE1	R	GLN	245	NE2	4.86	proximal	INTRA_SELECTION
atom-atom	A	PHE	354	CD1	R	GLN	245	NE2	4.88	proximal	INTRA_SELECTION
atom-atom	R	GLN	245	CA	A	PHE	354	CD1	5.0	proximal	INTRA_SELECTION
atom-atom	A	LEU	348	CG	R	ALA	249	CB	4.77	proximal	INTRA_SELECTION
atom-atom	A	LEU	348	CD1	R	ALA	249	CB	3.85	proximal;hydrophobic	INTRA_SELECTION
atom-atom	A	ILE	344	CG2	R	LEU	238	CD1	4.65	proximal	INTRA_SELECTION
atom-atom	R	MET	243	CE	A	ILE	344	CG2	3.7	proximal;hydrophobic	INTRA_SELECTION
atom-atom	R	MET	243	CE	A	ASP	341	O	4.2	proximal	INTRA_SELECTION
atom-atom	A	LEU	348	CG	R	LEU	238	CD1	4.81	proximal	INTRA_SELECTION
atom-atom	R	LEU	238	CD1	A	LEU	348	CD1	3.96	proximal;hydrophobic	INTRA_SELECTION
atom-atom	R	LEU	238	CG	A	LEU	348	CD1	4.97	proximal	INTRA_SELECTION
atom-atom	R	MET	243	CE	A	LYS	345	CB	4.84	proximal	INTRA_SELECTION
atom-atom	A	LYS	345	N	R	MET	243	CE	4.72	proximal	INTRA_SELECTION
atom-atom	R	GLY	244	CA	A	GLU	318	OE1	4.72	proximal	INTRA_SELECTION
atom-atom	A	LYS	345	CD	R	GLY	244	N	4.77	proximal	INTRA_SELECTION
atom-atom	A	LYS	345	CD	R	MET	243	CG	4.48	proximal;hydrophobic	INTRA_SELECTION
atom-atom	A	GLU	318	OE1	R	GLY	244	N	4.79	proximal	INTRA_SELECTION
atom-atom	A	GLU	318	CB	R	GLY	244	N	4.75	proximal	INTRA_SELECTION
atom-atom	R	MET	243	C	A	GLU	318	OE1	5.0	proximal	INTRA_SELECTION
atom-atom	R	MET	243	CB	A	TYR	320	OH	4.95	proximal	INTRA_SELECTION
atom-atom	A	ASP	341	OD1	R	MET	243	CB	3.37	proximal;weak_polar	INTRA_SELECTION
atom-atom	A	ASP	341	OD1	R	MET	243	CA	3.92	proximal	INTRA_SELECTION
atom-atom	A	ASP	341	OD1	R	MET	243	N	4.29	proximal	INTRA_SELECTION
atom-atom	R	MET	243	CB	A	LYS	345	CD	3.94	proximal;hydrophobic	INTRA_SELECTION
atom-atom	A	ASP	341	OD1	R	MET	243	CG	4.51	proximal	INTRA_SELECTION
atom-atom	A	ASP	341	OD1	R	MET	243	SD	4.81	proximal	INTRA_SELECTION
atom-atom	A	LYS	345	CG	R	MET	243	CG	4.39	proximal;hydrophobic	INTRA_SELECTION
atom-atom	A	LYS	345	CB	R	MET	243	CG	4.77	proximal	INTRA_SELECTION
atom-atom	A	LYS	345	CG	R	MET	243	CB	4.29	proximal;hydrophobic	INTRA_SELECTION
atom-atom	R	MET	243	CB	A	LYS	345	CB	4.57	proximal	INTRA_SELECTION
atom-atom	A	ASP	341	OD1	R	MET	243	CE	3.8	proximal	INTRA_SELECTION
atom-atom	R	ALA	249	CB	A	LEU	353	O	4.72	proximal	INTRA_SELECTION
atom-atom	R	ALA	249	CB	A	LEU	353	C	4.65	proximal	INTRA_SELECTION
atom-atom	R	ALA	249	CB	A	PHE	354	N	4.9	proximal	INTRA_SELECTION
atom-atom	A	PHE	354	CB	R	ALA	249	CB	4.81	proximal	INTRA_SELECTION
atom-atom	R	GLN	245	O	A	LEU	348	CD1	4.66	proximal	INTRA_SELECTION
atom-atom	R	GLY	244	C	A	ASP	315	O	4.97	proximal	INTRA_SELECTION
atom-atom	A	ASP	315	O	R	GLY	244	CA	4.56	proximal	INTRA_SELECTION
atom-atom	R	GLY	244	O	A	ASP	315	OD2	4.83	proximal	INTRA_SELECTION
atom-atom	R	ALA	249	CA	A	LEU	353	CB	4.38	proximal	INTRA_SELECTION
atom-atom	A	LEU	353	CA	R	VAL	252	CG2	4.96	proximal	INTRA_SELECTION
atom-atom	R	VAL	252	CB	A	LEU	353	CA	4.92	proximal	INTRA_SELECTION
atom-atom	R	VAL	252	CB	A	LEU	353	CD2	4.36	proximal;hydrophobic	INTRA_SELECTION
atom-atom	A	LEU	353	CD2	R	ALA	249	O	4.87	proximal	INTRA_SELECTION
atom-atom	R	ALA	249	O	A	LEU	353	CB	4.62	proximal	INTRA_SELECTION
atom-atom	A	LEU	353	CG	R	ALA	249	O	4.99	proximal	INTRA_SELECTION
atom-atom	A	LEU	353	CD1	R	ALA	249	O	4.71	proximal	INTRA_SELECTION
atom-atom	A	LEU	353	CA	R	ALA	249	CB	4.97	proximal	INTRA_SELECTION
atom-atom	R	ALA	249	CB	A	LEU	353	CB	4.03	proximal;hydrophobic	INTRA_SELECTION
atom-atom	A	LEU	353	CD1	R	ALA	249	CB	4.8	proximal	INTRA_SELECTION
atom-atom	A	LEU	348	CD2	R	ALA	249	CB	4.57	proximal	INTRA_SELECTION
atom-atom	R	ILE	148	CD1	A	LEU	348	CG	4.92	proximal	INTRA_SELECTION
atom-atom	R	LEU	238	CD1	A	LEU	348	CD2	4.69	proximal	INTRA_SELECTION
atom-atom	R	LEU	238	CD2	A	LEU	348	CD2	4.86	proximal	INTRA_SELECTION
atom-atom	R	MET	243	CE	A	ILE	344	CB	4.5	proximal;hydrophobic	INTRA_SELECTION
atom-atom	A	ILE	344	CG2	R	ILE	148	CG2	4.35	proximal;hydrophobic	INTRA_SELECTION
atom-atom	A	LEU	194	CD1	R	THR	152	CA	4.88	proximal	INTRA_SELECTION
atom-atom	A	LEU	194	CD1	R	THR	152	O	4.51	proximal	INTRA_SELECTION
atom-atom	A	LEU	194	CD2	R	THR	152	CG2	4.41	proximal;hydrophobic	INTRA_SELECTION
atom-atom	A	LEU	194	CD2	R	THR	152	CB	4.92	proximal	INTRA_SELECTION
atom-atom	A	ILE	343	CG2	R	ALA	151	O	3.84	proximal	INTRA_SELECTION
atom-atom	A	ILE	343	CB	R	ALA	151	O	4.94	proximal	INTRA_SELECTION
atom-atom	A	THR	340	CG2	R	THR	152	CG2	3.82	proximal;hydrophobic	INTRA_SELECTION
atom-atom	A	ASP	193	O	R	THR	152	C	4.82	proximal	INTRA_SELECTION
atom-atom	A	ASP	193	O	R	THR	152	O	3.82	proximal	INTRA_SELECTION
atom-atom	A	PHE	336	CE1	R	THR	152	CG2	3.89	proximal;hydrophobic	INTRA_SELECTION
atom-atom	R	THR	152	CB	A	PHE	336	CE1	4.72	proximal	INTRA_SELECTION
atom-atom	A	PHE	336	CZ	R	THR	152	CG2	3.7	proximal;hydrophobic	INTRA_SELECTION
atom-atom	A	PHE	336	CZ	R	THR	152	CB	4.53	proximal	INTRA_SELECTION
atom-atom	R	THR	152	CB	A	LYS	192	O	5.0	proximal	INTRA_SELECTION
atom-atom	A	PHE	336	CE2	R	THR	152	CG2	4.84	proximal	INTRA_SELECTION
atom-atom	A	ILE	344	CG1	R	ILE	148	CA	4.38	proximal	INTRA_SELECTION
atom-atom	A	ILE	344	CD1	R	ILE	148	CA	4.97	proximal	INTRA_SELECTION
atom-atom	R	ILE	148	C	A	ILE	344	CG1	4.31	proximal	INTRA_SELECTION
atom-atom	A	ILE	344	CG1	R	ILE	148	O	3.5	proximal;weak_polar	INTRA_SELECTION
atom-atom	A	ILE	344	CD1	R	ILE	148	C	4.53	proximal	INTRA_SELECTION
atom-atom	A	ILE	344	CD1	R	ILE	148	O	3.62	proximal	INTRA_SELECTION
atom-atom	R	ALA	151	CB	A	ILE	344	CG1	4.34	proximal;hydrophobic	INTRA_SELECTION
atom-atom	A	ILE	344	CD1	R	ALA	241	CB	4.74	proximal	INTRA_SELECTION
atom-atom	A	ILE	344	CD1	R	THR	237	OG1	4.73	proximal	INTRA_SELECTION
atom-atom	R	ALA	151	CA	A	ILE	343	CG2	4.75	proximal	INTRA_SELECTION
atom-atom	A	ILE	343	CG2	R	ALA	151	CB	3.85	proximal;hydrophobic	INTRA_SELECTION
atom-atom	A	ILE	343	CB	R	ALA	151	CB	4.88	proximal	INTRA_SELECTION
atom-atom	A	ILE	343	CG2	R	ALA	151	C	4.69	proximal	INTRA_SELECTION
atom-atom	A	PHE	336	CZ	R	THR	152	OG1	4.83	proximal	INTRA_SELECTION
atom-atom	A	ASP	341	CG	R	HIS	242	C	4.24	proximal	INTRA_SELECTION
atom-atom	R	HIS	242	C	A	ASP	341	OD2	3.19	vdw_clash	INTRA_SELECTION
atom-atom	R	HIS	242	O	A	TYR	320	CZ	4.86	proximal	INTRA_SELECTION
atom-atom	A	ASP	341	CG	R	HIS	242	O	3.97	proximal	INTRA_SELECTION
atom-atom	R	HIS	242	O	A	TYR	320	CE1	3.96	proximal	INTRA_SELECTION
atom-atom	R	HIS	242	O	A	ASP	341	OD2	2.98	vdw_clash	INTRA_SELECTION
atom-atom	A	TYR	320	CD1	R	HIS	242	O	4.71	proximal	INTRA_SELECTION
atom-atom	A	ASP	341	OD2	R	HIS	242	CA	3.94	proximal	INTRA_SELECTION
atom-atom	R	HIS	242	N	A	ASP	341	CG	4.66	proximal	INTRA_SELECTION
atom-atom	R	HIS	242	ND1	A	TYR	320	CE1	4.28	proximal	INTRA_SELECTION
atom-atom	R	HIS	242	CE1	A	TYR	320	CE1	4.46	proximal	INTRA_SELECTION
atom-atom	R	HIS	242	N	A	ASP	341	OD2	3.49	proximal;polar	INTRA_SELECTION
atom-atom	R	HIS	242	CB	A	ASP	341	OD2	4.77	proximal	INTRA_SELECTION
atom-atom	R	HIS	242	ND1	A	ASP	341	OD2	3.95	proximal;ionic	INTRA_SELECTION
atom-atom	R	HIS	242	CG	A	ASP	341	OD2	4.47	proximal	INTRA_SELECTION
atom-atom	R	HIS	242	CE1	A	ASP	341	OD2	4.42	proximal	INTRA_SELECTION
atom-atom	A	TYR	320	CD1	R	HIS	242	ND1	4.3	proximal	INTRA_SELECTION
atom-atom	R	HIS	242	CE1	A	TYR	320	CD1	4.18	proximal	INTRA_SELECTION
atom-atom	A	ASP	341	OD2	R	ALA	241	C	4.36	proximal	INTRA_SELECTION
atom-atom	R	ALA	241	CA	A	ASP	341	OD2	4.69	proximal	INTRA_SELECTION
atom-atom	A	ASP	341	CG	R	ALA	241	CB	4.95	proximal	INTRA_SELECTION
atom-atom	A	ASP	341	OD2	R	ALA	241	CB	4.34	proximal	INTRA_SELECTION
atom-atom	R	ALA	151	CA	A	ASN	347	ND2	4.96	proximal	INTRA_SELECTION
atom-atom	A	ASN	347	ND2	R	ILE	148	CA	4.9	proximal	INTRA_SELECTION
atom-atom	R	ALA	151	CB	A	ASN	347	ND2	4.36	proximal	INTRA_SELECTION
atom-atom	R	ILE	148	CB	A	ILE	344	CG1	4.8	proximal	INTRA_SELECTION
atom-atom	A	ILE	344	CB	R	ILE	148	O	4.91	proximal	INTRA_SELECTION
atom-atom	R	ILE	148	CG2	A	ILE	344	CG1	4.15	proximal;hydrophobic	INTRA_SELECTION
atom-atom	A	ILE	344	CD1	R	ILE	148	CG2	4.24	proximal;hydrophobic	INTRA_SELECTION
atom-atom	R	MET	243	CE	A	ASP	341	C	4.87	proximal	INTRA_SELECTION
atom-atom	R	MET	243	CE	A	ASP	341	CA	4.79	proximal	INTRA_SELECTION
atom-atom	R	MET	243	CE	A	ASP	341	CB	4.97	proximal	INTRA_SELECTION
atom-atom	R	MET	243	CE	A	ASP	341	CG	3.97	proximal	INTRA_SELECTION
atom-atom	R	MET	243	CE	A	ASP	341	OD2	3.92	proximal	INTRA_SELECTION
atom-atom	R	MET	243	CB	A	ASP	341	CG	4.09	proximal	INTRA_SELECTION
atom-atom	R	MET	243	CB	A	ASP	341	OD2	4.0	proximal	INTRA_SELECTION
atom-atom	A	ASP	341	CG	R	MET	243	CA	4.37	proximal	INTRA_SELECTION
atom-atom	A	ASP	341	OD2	R	MET	243	CA	3.91	proximal	INTRA_SELECTION
atom-atom	R	HIS	242	O	A	GLU	318	CD	4.93	proximal	INTRA_SELECTION
atom-atom	R	HIS	242	O	A	GLU	318	CG	4.36	proximal	INTRA_SELECTION
atom-atom	R	MET	243	N	A	ASP	341	CG	4.35	proximal	INTRA_SELECTION
atom-atom	R	MET	243	N	A	ASP	341	OD2	3.55	proximal	INTRA_SELECTION
atom-atom	A	TYR	320	OH	R	HIS	242	O	4.76	proximal	INTRA_SELECTION
atom-atom	A	ASP	341	OD1	R	HIS	242	C	4.48	proximal	INTRA_SELECTION
atom-atom	A	ASP	341	OD1	R	HIS	242	O	4.24	proximal	INTRA_SELECTION
atom-atom	R	MET	243	SD	A	ASP	341	OD2	4.68	proximal	INTRA_SELECTION
atom-atom	R	ARG	159	NH1	A	ARG	32	NH2	4.19	proximal	INTRA_SELECTION
atom-atom	R	ARG	159	CZ	A	ARG	32	NH1	4.34	proximal	INTRA_SELECTION
atom-atom	R	ARG	159	NH1	A	ARG	32	NH1	3.04	vdw_clash	INTRA_SELECTION
atom-atom	R	ARG	159	NH1	A	ARG	32	CZ	4.03	proximal	INTRA_SELECTION
atom-atom	R	LEU	155	O	A	ARG	32	NH2	4.94	proximal	INTRA_SELECTION
atom-atom	R	LEU	155	O	A	ARG	32	NH1	3.67	proximal	INTRA_SELECTION
atom-atom	R	LEU	155	O	A	ARG	32	CZ	4.5	proximal	INTRA_SELECTION
atom-atom	R	LEU	155	CG	A	ARG	32	NH1	4.73	proximal	INTRA_SELECTION
atom-atom	R	LEU	155	C	A	ARG	32	NH1	4.19	proximal	INTRA_SELECTION
atom-atom	R	LEU	155	C	A	ARG	32	CZ	4.89	proximal	INTRA_SELECTION
atom-atom	D	GLY	31	O	R	GLY	201	C	4.35	proximal	INTRA_SELECTION
atom-atom	D	GLY	31	O	R	ASN	202	CA	4.8	proximal	INTRA_SELECTION
atom-atom	D	LEU	5	CD1	R	ALA	205	CB	4.75	proximal	INTRA_SELECTION
atom-atom	R	ALA	205	N	D	HIS	33	O	4.85	proximal	INTRA_SELECTION
atom-atom	R	ALA	205	CB	D	HIS	33	C	4.63	proximal	INTRA_SELECTION
atom-atom	R	ALA	205	CB	D	HIS	33	O	3.76	proximal	INTRA_SELECTION
atom-atom	D	HIS	33	O	R	ALA	205	CA	4.84	proximal	INTRA_SELECTION
atom-atom	D	SER	30	O	R	GLY	201	C	4.96	proximal	INTRA_SELECTION
atom-atom	D	SER	30	O	R	ASN	202	CA	4.42	proximal	INTRA_SELECTION
atom-atom	D	PHE	17	O	R	SER	26	N	4.89	proximal	INTRA_SELECTION
atom-atom	R	ASN	202	ND2	D	SER	30	C	4.88	proximal	INTRA_SELECTION
atom-atom	D	SER	30	O	R	ASN	202	ND2	3.95	proximal	INTRA_SELECTION
atom-atom	R	ASN	202	ND2	D	SER	30	CB	3.91	proximal	INTRA_SELECTION
atom-atom	D	CYS	34	O	R	ASN	202	O	4.11	proximal	INTRA_SELECTION
atom-atom	D	CYS	34	C	R	ASN	202	O	4.72	proximal	INTRA_SELECTION
atom-atom	D	CYS	34	O	R	ASN	202	C	4.99	proximal	INTRA_SELECTION
atom-atom	D	SER	30	O	R	ASN	202	CB	4.81	proximal	INTRA_SELECTION
atom-atom	D	SER	30	O	R	ASN	202	CG	4.55	proximal	INTRA_SELECTION
atom-atom	R	ASN	202	CG	D	SER	30	CB	4.79	proximal	INTRA_SELECTION
atom-atom	R	ASN	202	CG	D	CYS	34	O	5.0	proximal	INTRA_SELECTION
atom-atom	D	CYS	34	O	R	ASN	202	OD1	4.86	proximal	INTRA_SELECTION
atom-atom	D	LEU	5	CD1	R	ARG	278	CZ	4.85	proximal	INTRA_SELECTION
atom-atom	R	ARG	278	NH1	D	LEU	5	CD1	4.94	proximal	INTRA_SELECTION
atom-atom	D	PRO	16	O	R	LEU	29	CB	4.34	proximal	INTRA_SELECTION
atom-atom	D	TYR	13	OH	R	PHE	32	N	4.99	proximal	INTRA_SELECTION
atom-atom	R	ARG	278	CZ	D	LEU	5	O	4.23	proximal	INTRA_SELECTION
atom-atom	R	ARG	278	CZ	D	GLU	4	OE2	4.2	proximal	INTRA_SELECTION
atom-atom	D	GLU	4	OE1	R	ARG	212	NH1	4.6	proximal	INTRA_SELECTION
atom-atom	R	ARG	212	NH1	D	GLU	4	OE2	4.81	proximal	INTRA_SELECTION
atom-atom	R	ARG	278	NE	D	LEU	5	O	4.48	proximal	INTRA_SELECTION
atom-atom	R	ARG	278	NE	D	GLU	4	OE2	4.56	proximal	INTRA_SELECTION
atom-atom	R	ALA	36	CB	D	LYS	11	O	4.89	proximal	INTRA_SELECTION
atom-atom	R	ALA	36	CB	D	LYS	11	C	4.9	proximal	INTRA_SELECTION
atom-atom	R	PRO	31	O	D	TYR	13	CZ	4.6	proximal	INTRA_SELECTION
atom-atom	R	PRO	31	C	D	TYR	13	OH	4.46	proximal	INTRA_SELECTION
atom-atom	R	PRO	31	O	D	TYR	13	OH	4.1	proximal	INTRA_SELECTION
atom-atom	R	LEU	34	CD2	D	TYR	13	CB	3.96	proximal	INTRA_SELECTION
atom-atom	D	TYR	13	CG	R	LEU	34	CD2	3.99	proximal;hydrophobic	INTRA_SELECTION
atom-atom	D	TYR	13	OH	R	PRO	31	CG	4.93	proximal	INTRA_SELECTION
atom-atom	D	TYR	13	CD1	R	LEU	34	CD2	3.88	proximal;hydrophobic	INTRA_SELECTION
atom-atom	R	LEU	34	CD2	D	TYR	13	CE1	4.58	proximal	INTRA_SELECTION
atom-atom	D	LYS	15	CD	R	PRO	31	CG	4.55	proximal	INTRA_SELECTION
atom-atom	R	PRO	31	CA	D	TYR	13	OH	4.98	proximal	INTRA_SELECTION
atom-atom	R	LEU	34	CG	D	TYR	13	CB	4.54	proximal	INTRA_SELECTION
atom-atom	D	TYR	13	CG	R	LEU	34	CG	4.5	proximal;hydrophobic	INTRA_SELECTION
atom-atom	D	TYR	13	CG	R	LEU	34	CB	4.78	proximal	INTRA_SELECTION
atom-atom	D	TYR	13	OH	R	PRO	31	CB	4.18	proximal	INTRA_SELECTION
atom-atom	D	TYR	13	CD1	R	LEU	34	CG	3.95	proximal;hydrophobic	INTRA_SELECTION
atom-atom	R	LEU	34	CB	D	TYR	13	CD1	3.89	proximal;hydrophobic	INTRA_SELECTION
atom-atom	R	LEU	34	CG	D	TYR	13	CE1	4.59	proximal	INTRA_SELECTION
atom-atom	R	LEU	34	CB	D	TYR	13	CE1	4.06	proximal;hydrophobic	INTRA_SELECTION
atom-atom	R	PRO	31	CB	D	LYS	15	CD	4.83	proximal	INTRA_SELECTION
atom-atom	D	GLU	4	OE1	R	ASP	274	OD2	4.08	proximal	INTRA_SELECTION
atom-atom	D	GLU	4	OE2	R	ASP	274	OD2	3.67	proximal	INTRA_SELECTION
atom-atom	R	ASP	274	CG	D	GLU	4	OE2	4.73	proximal	INTRA_SELECTION
atom-atom	R	ALA	36	CB	D	LYS	11	CG	3.62	proximal;hydrophobic	INTRA_SELECTION
atom-atom	R	ALA	36	CB	D	LYS	11	CD	3.71	proximal;hydrophobic	INTRA_SELECTION
atom-atom	R	ALA	36	CB	D	LYS	11	CE	4.92	proximal	INTRA_SELECTION
atom-atom	R	ALA	36	CB	D	LYS	11	CB	4.79	proximal	INTRA_SELECTION
atom-atom	D	GLU	4	CD	R	ASP	274	OD2	4.17	proximal	INTRA_SELECTION
atom-atom	R	THR	285	CA	D	ILE	10	CD1	4.73	proximal	INTRA_SELECTION
atom-atom	D	ILE	10	CG2	R	GLU	284	O	4.57	proximal	INTRA_SELECTION
atom-atom	D	ILE	10	CG1	R	GLU	284	O	4.56	proximal	INTRA_SELECTION
atom-atom	R	GLU	284	CB	D	ILE	10	CG2	4.76	proximal	INTRA_SELECTION
atom-atom	D	ILE	10	CD1	R	ALA	36	O	4.95	proximal	INTRA_SELECTION
atom-atom	R	ALA	36	C	D	LYS	11	CG	4.7	proximal	INTRA_SELECTION
atom-atom	R	ALA	36	O	D	LYS	11	CG	4.36	proximal	INTRA_SELECTION
atom-atom	R	ALA	36	C	D	LYS	11	CD	4.83	proximal	INTRA_SELECTION
atom-atom	R	ALA	36	O	D	LYS	11	CD	4.86	proximal	INTRA_SELECTION
atom-atom	R	ALA	36	N	D	LYS	11	CD	4.68	proximal	INTRA_SELECTION
atom-atom	D	LYS	11	CD	R	ASP	35	O	4.76	proximal	INTRA_SELECTION
atom-atom	D	LYS	11	CE	R	ASP	35	O	4.84	proximal	INTRA_SELECTION
atom-atom	D	LYS	11	CG	R	ALA	36	CA	4.02	proximal	INTRA_SELECTION
atom-atom	R	ALA	36	CA	D	LYS	11	CD	3.81	proximal	INTRA_SELECTION
atom-atom	D	LYS	11	CE	R	ALA	36	CA	4.63	proximal	INTRA_SELECTION
atom-atom	D	LYS	11	NZ	R	ASP	35	O	4.49	proximal	INTRA_SELECTION
atom-atom	D	LYS	11	NZ	R	LEU	34	O	4.98	proximal	INTRA_SELECTION
atom-atom	D	LYS	15	NZ	R	PRO	31	CG	4.66	proximal	INTRA_SELECTION
atom-atom	R	PRO	31	CB	D	LYS	15	NZ	4.74	proximal	INTRA_SELECTION
atom-atom	A	ASP	350	O	R	ASP	84	OD1	4.21	proximal	INTRA_SELECTION
atom-atom	R	LYS	320	CB	A	LYS	349	O	4.4	proximal	INTRA_SELECTION
atom-atom	A	GLY	352	CA	R	GLY	318	N	4.82	proximal	INTRA_SELECTION
atom-atom	A	GLY	352	C	R	GLY	318	N	4.46	proximal	INTRA_SELECTION
atom-atom	A	GLY	352	CA	R	GLY	318	CA	4.3	proximal	INTRA_SELECTION
atom-atom	R	GLY	318	CA	A	GLY	352	C	4.04	proximal	INTRA_SELECTION
atom-atom	A	PHE	354	C	R	GLY	318	C	4.96	proximal	INTRA_SELECTION
atom-atom	A	PHE	354	C	R	GLN	319	CB	4.53	proximal	INTRA_SELECTION
atom-atom	A	PHE	354	C	R	GLN	319	N	4.19	proximal	INTRA_SELECTION
atom-atom	R	ARG	248	NH2	A	LEU	353	O	4.88	proximal	INTRA_SELECTION
atom-atom	A	PHE	354	C	R	GLY	318	CA	4.59	proximal	INTRA_SELECTION
atom-atom	A	PHE	354	C	R	ARG	248	NH1	3.95	proximal	INTRA_SELECTION
atom-atom	R	GLY	318	CA	A	LEU	353	O	4.94	proximal	INTRA_SELECTION
atom-atom	R	ILE	317	CG2	A	LEU	353	O	4.6	proximal	INTRA_SELECTION
atom-atom	R	ARG	248	CZ	A	LEU	353	O	4.18	proximal	INTRA_SELECTION
atom-atom	R	ARG	248	NE	A	LEU	353	O	4.98	proximal	INTRA_SELECTION
atom-atom	R	ARG	248	NH1	A	LEU	353	O	3.0	vdw_clash;polar	INTRA_SELECTION
atom-atom	A	LEU	353	O	R	ARG	248	CD	4.99	proximal	INTRA_SELECTION
atom-atom	R	ARG	248	CZ	A	PHE	354	CA	4.97	proximal	INTRA_SELECTION
atom-atom	R	ARG	248	NH1	A	PHE	354	CA	3.68	proximal	INTRA_SELECTION
atom-atom	R	ARG	248	NH1	A	PHE	354	CD1	4.92	proximal	INTRA_SELECTION
atom-atom	R	ARG	248	NH1	A	LEU	353	C	3.98	proximal	INTRA_SELECTION
atom-atom	R	ARG	248	NH1	A	PHE	354	N	4.29	proximal	INTRA_SELECTION
atom-atom	A	PHE	354	CB	R	ARG	248	NH1	4.81	proximal	INTRA_SELECTION
